player_id,player_name,game_date,standard_date,snap_count,position,prev_injury,surface_type,temperature,travel_days,accel_peaks,injury_next_game
1,Derrick Henry,2024-W1,2023-09-01,58,TE,0,grass,77,4,3.1,0
1,Derrick Henry,2024-W2,2023-09-08,42,WR,0,turf,87,3,9.78,0
1,Derrick Henry,2024-W3,2023-09-15,59,WR,1,grass,36,3,5.54,0
1,Derrick Henry,2024-W4,2023-09-22,61,TE,1,turf,49,5,4.64,0
1,Derrick Henry,2024-W5,2023-09-29,66,CB,0,turf,89,3,4.41,0
1,Derrick Henry,2024-W6,2023-10-06,70,LB,0,grass,52,3,5.72,0
1,Derrick Henry,2024-W7,2023-10-13,44,TE,1,turf,92,0,7.06,0
1,Derrick Henry,2024-W8,2023-10-20,63,LB,1,grass,69,5,3.3,0
1,Derrick Henry,2024-W9,2023-10-27,36,TE,1,turf,38,1,2.74,0
1,Derrick Henry,2024-W10,2023-11-03,23,CB,0,grass,52,1,4.79,0
2,Tyreek Hill,2024-W1,2023-09-01,63,RB,1,turf,70,5,3.69,0
2,Tyreek Hill,2024-W2,2023-09-08,33,TE,0,turf,74,4,7.88,0
2,Tyreek Hill,2024-W3,2023-09-15,35,LB,1,grass,87,1,5.69,0
2,Tyreek Hill,2024-W4,2023-09-22,64,QB,0,grass,79,0,6.34,0
2,Tyreek Hill,2024-W5,2023-09-29,44,QB,1,grass,78,2,6.77,0
2,Tyreek Hill,2024-W6,2023-10-06,54,QB,0,grass,76,1,3.69,0
2,Tyreek Hill,2024-W7,2023-10-13,60,TE,0,grass,42,3,4.54,0
2,Tyreek Hill,2024-W8,2023-10-20,42,CB,1,grass,69,3,5.13,0
2,Tyreek Hill,2024-W9,2023-10-27,59,CB,0,grass,35,2,6.22,0
2,Tyreek Hill,2024-W10,2023-11-03,20,LB,1,grass,48,2,4.21,0
3,Travis Kelce,2024-W1,2023-09-01,28,RB,1,turf,47,2,5.67,0
3,Travis Kelce,2024-W2,2023-09-08,71,LB,1,turf,64,4,4.9,0
3,Travis Kelce,2024-W3,2023-09-15,42,LB,0,grass,63,3,5.77,0
3,Travis Kelce,2024-W4,2023-09-22,70,CB,1,turf,76,4,6.72,0
3,Travis Kelce,2024-W5,2023-09-29,76,LB,1,turf,62,3,8.24,0
3,Travis Kelce,2024-W6,2023-10-06,47,QB,0,turf,67,0,5.85,0
3,Travis Kelce,2024-W7,2023-10-13,76,WR,1,grass,86,4,0.19,0
3,Travis Kelce,2024-W8,2023-10-20,56,QB,0,turf,78,2,6.19,0
3,Travis Kelce,2024-W9,2023-10-27,73,QB,1,grass,83,1,1.66,0
3,Travis Kelce,2024-W10,2023-11-03,68,QB,0,grass,36,1,5.45,0
4,Aaron Donald,2024-W1,2023-09-01,47,CB,0,grass,66,0,8.37,0
4,Aaron Donald,2024-W2,2023-09-08,72,TE,1,turf,40,3,7.63,0
4,Aaron Donald,2024-W3,2023-09-15,74,WR,1,grass,51,5,8.31,0
4,Aaron Donald,2024-W4,2023-09-22,25,CB,0,grass,82,0,2.7,0
4,Aaron Donald,2024-W5,2023-09-29,28,TE,0,turf,50,4,4.67,0
4,Aaron Donald,2024-W6,2023-10-06,55,WR,1,grass,53,3,7.22,0
4,Aaron Donald,2024-W7,2023-10-13,51,TE,0,grass,74,1,6.46,0
4,Aaron Donald,2024-W8,2023-10-20,76,QB,1,grass,65,5,7.35,0
4,Aaron Donald,2024-W9,2023-10-27,61,WR,0,turf,50,1,5.53,0
4,Aaron Donald,2024-W10,2023-11-03,68,RB,0,turf,46,4,6.26,0
5,Davante Adams,2024-W1,2023-09-01,56,WR,0,grass,75,2,7.13,0
5,Davante Adams,2024-W2,2023-09-08,39,CB,1,grass,58,3,6.44,0
5,Davante Adams,2024-W3,2023-09-15,30,QB,1,turf,72,3,1.8,0
5,Davante Adams,2024-W4,2023-09-22,44,WR,0,grass,52,5,7.84,0
5,Davante Adams,2024-W5,2023-09-29,37,RB,1,grass,50,4,6.97,0
5,Davante Adams,2024-W6,2023-10-06,52,CB,0,turf,54,2,3.59,0
5,Davante Adams,2024-W7,2023-10-13,36,QB,1,turf,93,2,2.86,0
5,Davante Adams,2024-W8,2023-10-20,49,CB,1,grass,85,5,6.94,0
5,Davante Adams,2024-W9,2023-10-27,27,WR,0,turf,55,5,8.23,0
5,Davante Adams,2024-W10,2023-11-03,52,LB,1,grass,82,2,7.84,0
6,Josh Allen,2024-W1,2023-09-01,23,WR,1,grass,51,3,5.05,0
6,Josh Allen,2024-W2,2023-09-08,60,LB,1,grass,83,5,6.93,0
6,Josh Allen,2024-W3,2023-09-15,72,WR,1,grass,86,4,7.59,0
6,Josh Allen,2024-W4,2023-09-22,22,RB,0,turf,65,5,4.82,0
6,Josh Allen,2024-W5,2023-09-29,77,WR,1,turf,58,1,5.62,0
6,Josh Allen,2024-W6,2023-10-06,21,RB,0,turf,67,0,3.21,0
6,Josh Allen,2024-W7,2023-10-13,62,CB,1,grass,63,1,6.53,0
6,Josh Allen,2024-W8,2023-10-20,44,LB,1,turf,41,0,6.53,0
6,Josh Allen,2024-W9,2023-10-27,55,LB,1,grass,42,5,5.96,0
6,Josh Allen,2024-W10,2023-11-03,42,TE,1,turf,66,5,5.85,0
7,Nick Bosa,2024-W1,2023-09-01,70,QB,1,grass,56,1,4.67,0
7,Nick Bosa,2024-W2,2023-09-08,61,CB,0,turf,77,3,6.69,0
7,Nick Bosa,2024-W3,2023-09-15,56,QB,1,grass,94,3,5.4,0
7,Nick Bosa,2024-W4,2023-09-22,25,LB,1,turf,64,2,6.54,0
7,Nick Bosa,2024-W5,2023-09-29,74,TE,1,grass,84,3,2.88,0
7,Nick Bosa,2024-W6,2023-10-06,77,RB,0,turf,87,5,1.52,0
7,Nick Bosa,2024-W7,2023-10-13,42,QB,1,grass,35,1,5.27,0
7,Nick Bosa,2024-W8,2023-10-20,51,CB,1,turf,59,4,7.16,0
7,Nick Bosa,2024-W9,2023-10-27,72,QB,1,grass,73,4,2.85,0
7,Nick Bosa,2024-W10,2023-11-03,31,RB,1,grass,71,5,9.19,0
8,Justin Jefferson,2024-W1,2023-09-01,76,LB,1,turf,39,0,6.9,1
8,Justin Jefferson,2024-W2,2023-09-08,55,QB,1,turf,71,1,6.7,0
8,Justin Jefferson,2024-W3,2023-09-15,29,CB,0,turf,68,3,8.38,0
8,Justin Jefferson,2024-W4,2023-09-22,77,QB,1,grass,79,3,2.63,0
8,Justin Jefferson,2024-W5,2023-09-29,35,RB,0,turf,66,2,6.72,0
8,Justin Jefferson,2024-W6,2023-10-06,54,TE,0,grass,85,2,7.57,0
8,Justin Jefferson,2024-W7,2023-10-13,56,TE,0,grass,67,1,4.16,0
8,Justin Jefferson,2024-W8,2023-10-20,31,CB,1,grass,85,1,3.76,0
8,Justin Jefferson,2024-W9,2023-10-27,54,QB,1,turf,63,1,3.25,0
8,Justin Jefferson,2024-W10,2023-11-03,70,QB,0,turf,92,4,8.06,0
9,Joe Burrow,2024-W1,2023-09-01,69,LB,0,grass,90,3,6.4,0
9,Joe Burrow,2024-W2,2023-09-08,55,RB,0,grass,58,2,5.34,0
9,Joe Burrow,2024-W3,2023-09-15,68,WR,1,turf,52,0,4.16,0
9,Joe Burrow,2024-W4,2023-09-22,51,LB,1,grass,89,4,7.82,0
9,Joe Burrow,2024-W5,2023-09-29,42,QB,0,grass,64,0,4.85,0
9,Joe Burrow,2024-W6,2023-10-06,44,CB,0,grass,53,0,12.01,0
9,Joe Burrow,2024-W7,2023-10-13,55,TE,0,grass,53,3,6.28,0
9,Joe Burrow,2024-W8,2023-10-20,50,TE,0,turf,81,4,5.25,0
9,Joe Burrow,2024-W9,2023-10-27,24,WR,1,grass,86,2,4.81,0
9,Joe Burrow,2024-W10,2023-11-03,72,RB,1,grass,48,1,6.0,0
10,Jalen Ramsey,2024-W1,2023-09-01,24,WR,0,grass,77,2,6.73,0
10,Jalen Ramsey,2024-W2,2023-09-08,57,CB,0,turf,76,0,8.22,0
10,Jalen Ramsey,2024-W3,2023-09-15,69,WR,1,turf,39,4,2.6,0
10,Jalen Ramsey,2024-W4,2023-09-22,71,QB,0,grass,59,4,2.69,0
10,Jalen Ramsey,2024-W5,2023-09-29,23,TE,1,turf,65,2,6.12,0
10,Jalen Ramsey,2024-W6,2023-10-06,46,RB,1,grass,73,5,8.45,0
10,Jalen Ramsey,2024-W7,2023-10-13,22,LB,0,turf,62,5,6.15,0
10,Jalen Ramsey,2024-W8,2023-10-20,20,WR,0,turf,91,3,3.85,0
10,Jalen Ramsey,2024-W9,2023-10-27,68,QB,1,grass,72,4,5.64,0
10,Jalen Ramsey,2024-W10,2023-11-03,30,TE,0,turf,69,2,7.47,0
11,Stefon Diggs,2024-W1,2023-09-01,39,QB,1,grass,75,0,4.64,0
11,Stefon Diggs,2024-W2,2023-09-08,72,CB,1,grass,50,0,9.22,0
11,Stefon Diggs,2024-W3,2023-09-15,30,TE,1,turf,50,5,9.88,0
11,Stefon Diggs,2024-W4,2023-09-22,27,RB,1,turf,60,1,3.88,0
11,Stefon Diggs,2024-W5,2023-09-29,79,RB,1,turf,71,0,4.85,0
11,Stefon Diggs,2024-W6,2023-10-06,36,QB,0,grass,54,4,2.18,0
11,Stefon Diggs,2024-W7,2023-10-13,47,LB,0,turf,69,4,5.25,0
11,Stefon Diggs,2024-W8,2023-10-20,24,QB,1,turf,90,5,6.8,0
11,Stefon Diggs,2024-W9,2023-10-27,69,WR,0,grass,89,0,5.28,0
11,Stefon Diggs,2024-W10,2023-11-03,66,QB,0,grass,60,0,8.55,0
12,Lamar Jackson,2024-W1,2023-09-01,41,WR,0,grass,47,0,0.6,0
12,Lamar Jackson,2024-W2,2023-09-08,20,LB,1,grass,40,3,3.7,0
12,Lamar Jackson,2024-W3,2023-09-15,36,LB,0,grass,72,2,8.53,0
12,Lamar Jackson,2024-W4,2023-09-22,56,RB,1,grass,51,4,6.12,0
12,Lamar Jackson,2024-W5,2023-09-29,33,QB,1,grass,85,4,2.76,0
12,Lamar Jackson,2024-W6,2023-10-06,68,RB,1,grass,42,1,6.57,0
12,Lamar Jackson,2024-W7,2023-10-13,77,RB,1,turf,37,2,7.37,1
12,Lamar Jackson,2024-W8,2023-10-20,63,LB,1,turf,93,0,4.36,0
12,Lamar Jackson,2024-W9,2023-10-27,36,LB,0,turf,36,2,4.63,0
12,Lamar Jackson,2024-W10,2023-11-03,79,RB,1,turf,68,1,4.82,0
13,George Kittle,2024-W1,2023-09-01,49,WR,0,grass,68,3,1.44,0
13,George Kittle,2024-W2,2023-09-08,34,TE,1,grass,76,2,9.42,0
13,George Kittle,2024-W3,2023-09-15,36,LB,0,turf,44,0,2.09,0
13,George Kittle,2024-W4,2023-09-22,43,LB,1,turf,87,1,5.39,0
13,George Kittle,2024-W5,2023-09-29,32,CB,0,grass,82,2,6.23,0
13,George Kittle,2024-W6,2023-10-06,59,TE,1,grass,37,2,3.62,0
13,George Kittle,2024-W7,2023-10-13,46,LB,1,turf,92,2,3.87,0
13,George Kittle,2024-W8,2023-10-20,40,CB,0,grass,75,3,4.38,0
13,George Kittle,2024-W9,2023-10-27,45,CB,1,grass,48,1,5.3,0
13,George Kittle,2024-W10,2023-11-03,76,QB,1,grass,90,5,5.58,0
14,Micah Parsons,2024-W1,2023-09-01,62,LB,0,turf,70,0,5.86,0
14,Micah Parsons,2024-W2,2023-09-08,71,CB,1,turf,62,5,3.95,0
14,Micah Parsons,2024-W3,2023-09-15,43,RB,0,turf,48,2,7.2,0
14,Micah Parsons,2024-W4,2023-09-22,66,CB,0,grass,94,4,3.52,0
14,Micah Parsons,2024-W5,2023-09-29,37,RB,1,grass,85,0,3.96,0
14,Micah Parsons,2024-W6,2023-10-06,58,QB,0,grass,56,1,6.65,0
14,Micah Parsons,2024-W7,2023-10-13,63,QB,0,grass,54,0,7.61,0
14,Micah Parsons,2024-W8,2023-10-20,64,RB,0,turf,81,5,6.81,0
14,Micah Parsons,2024-W9,2023-10-27,53,QB,1,grass,76,0,6.92,0
14,Micah Parsons,2024-W10,2023-11-03,53,WR,1,grass,79,5,4.92,0
15,Patrick Mahomes,2024-W1,2023-09-01,56,QB,0,grass,56,4,4.58,0
15,Patrick Mahomes,2024-W2,2023-09-08,23,CB,0,turf,64,0,4.25,0
15,Patrick Mahomes,2024-W3,2023-09-15,74,WR,0,grass,74,4,6.28,0
15,Patrick Mahomes,2024-W4,2023-09-22,23,CB,1,grass,64,5,5.33,0
15,Patrick Mahomes,2024-W5,2023-09-29,70,CB,0,turf,49,2,2.16,0
15,Patrick Mahomes,2024-W6,2023-10-06,63,LB,1,turf,88,3,6.59,0
15,Patrick Mahomes,2024-W7,2023-10-13,38,TE,0,turf,83,3,6.02,0
15,Patrick Mahomes,2024-W8,2023-10-20,57,LB,1,grass,70,4,3.69,0
15,Patrick Mahomes,2024-W9,2023-10-27,62,WR,0,turf,84,1,9.49,0
15,Patrick Mahomes,2024-W10,2023-11-03,21,LB,1,turf,54,0,9.47,0
16,Derrick Henry,2024-W1,2023-09-01,56,QB,0,grass,45,5,1.96,0
16,Derrick Henry,2024-W2,2023-09-08,68,LB,1,turf,78,1,3.43,0
16,Derrick Henry,2024-W3,2023-09-15,33,LB,1,grass,43,1,6.48,0
16,Derrick Henry,2024-W4,2023-09-22,48,WR,0,grass,48,3,8.66,0
16,Derrick Henry,2024-W5,2023-09-29,49,WR,0,grass,39,2,6.08,0
16,Derrick Henry,2024-W6,2023-10-06,23,QB,0,turf,59,1,9.65,0
16,Derrick Henry,2024-W7,2023-10-13,59,CB,1,grass,72,0,5.54,0
16,Derrick Henry,2024-W8,2023-10-20,44,QB,0,grass,89,1,8.85,0
16,Derrick Henry,2024-W9,2023-10-27,33,LB,1,turf,85,2,1.77,0
16,Derrick Henry,2024-W10,2023-11-03,70,RB,1,turf,49,4,3.97,0
17,Tyreek Hill,2024-W1,2023-09-01,52,TE,1,grass,61,3,7.44,0
17,Tyreek Hill,2024-W2,2023-09-08,52,CB,1,turf,36,1,6.94,0
17,Tyreek Hill,2024-W3,2023-09-15,24,WR,1,grass,88,5,1.01,0
17,Tyreek Hill,2024-W4,2023-09-22,64,TE,1,grass,63,4,6.85,0
17,Tyreek Hill,2024-W5,2023-09-29,48,TE,1,grass,36,2,8.27,0
17,Tyreek Hill,2024-W6,2023-10-06,55,RB,0,grass,39,3,7.52,0
17,Tyreek Hill,2024-W7,2023-10-13,30,CB,1,turf,72,5,3.72,0
17,Tyreek Hill,2024-W8,2023-10-20,65,WR,1,turf,47,5,0.85,0
17,Tyreek Hill,2024-W9,2023-10-27,37,QB,0,grass,74,3,3.75,0
17,Tyreek Hill,2024-W10,2023-11-03,67,TE,0,turf,71,1,5.91,0
18,Travis Kelce,2024-W1,2023-09-01,68,TE,0,turf,43,5,4.84,0
18,Travis Kelce,2024-W2,2023-09-08,45,CB,1,turf,57,0,4.56,0
18,Travis Kelce,2024-W3,2023-09-15,20,CB,0,grass,74,4,8.29,0
18,Travis Kelce,2024-W4,2023-09-22,29,TE,0,grass,60,0,4.12,0
18,Travis Kelce,2024-W5,2023-09-29,54,TE,0,turf,45,5,2.92,0
18,Travis Kelce,2024-W6,2023-10-06,53,WR,0,turf,77,2,2.91,0
18,Travis Kelce,2024-W7,2023-10-13,63,WR,0,turf,58,0,0.11,0
18,Travis Kelce,2024-W8,2023-10-20,43,QB,0,grass,77,5,5.39,0
18,Travis Kelce,2024-W9,2023-10-27,45,TE,1,grass,83,0,3.9,0
18,Travis Kelce,2024-W10,2023-11-03,59,QB,0,grass,66,4,5.17,0
19,Aaron Donald,2024-W1,2023-09-01,49,WR,0,turf,53,5,4.35,0
19,Aaron Donald,2024-W2,2023-09-08,64,LB,1,turf,74,2,4.41,0
19,Aaron Donald,2024-W3,2023-09-15,37,QB,1,grass,81,1,0.2,0
19,Aaron Donald,2024-W4,2023-09-22,69,CB,1,grass,38,0,7.68,0
19,Aaron Donald,2024-W5,2023-09-29,27,LB,0,grass,37,1,7.17,0
19,Aaron Donald,2024-W6,2023-10-06,79,QB,0,grass,62,1,2.85,0
19,Aaron Donald,2024-W7,2023-10-13,26,LB,1,grass,91,2,6.94,0
19,Aaron Donald,2024-W8,2023-10-20,27,CB,0,grass,71,2,3.24,0
19,Aaron Donald,2024-W9,2023-10-27,70,QB,1,grass,42,1,8.0,0
19,Aaron Donald,2024-W10,2023-11-03,35,TE,1,grass,88,4,6.34,0
20,Davante Adams,2024-W1,2023-09-01,33,RB,0,turf,41,0,6.15,0
20,Davante Adams,2024-W2,2023-09-08,79,RB,1,grass,81,4,3.0,0
20,Davante Adams,2024-W3,2023-09-15,39,WR,1,grass,36,2,2.39,0
20,Davante Adams,2024-W4,2023-09-22,24,LB,1,turf,64,0,6.71,0
20,Davante Adams,2024-W5,2023-09-29,53,LB,1,grass,86,1,4.41,0
20,Davante Adams,2024-W6,2023-10-06,29,CB,1,grass,80,0,6.3,0
20,Davante Adams,2024-W7,2023-10-13,69,WR,0,turf,43,1,2.8,0
20,Davante Adams,2024-W8,2023-10-20,73,CB,0,turf,38,1,6.99,0
20,Davante Adams,2024-W9,2023-10-27,77,LB,0,turf,57,4,5.89,0
20,Davante Adams,2024-W10,2023-11-03,57,RB,0,grass,59,5,3.54,0
21,Josh Allen,2024-W1,2023-09-01,77,TE,0,grass,76,5,6.01,0
21,Josh Allen,2024-W2,2023-09-08,31,LB,0,grass,41,1,7.47,0
21,Josh Allen,2024-W3,2023-09-15,64,QB,1,grass,62,5,4.25,0
21,Josh Allen,2024-W4,2023-09-22,79,CB,0,grass,85,4,5.55,0
21,Josh Allen,2024-W5,2023-09-29,55,WR,1,grass,55,2,3.65,0
21,Josh Allen,2024-W6,2023-10-06,68,WR,0,turf,69,5,2.8,0
21,Josh Allen,2024-W7,2023-10-13,53,CB,1,grass,90,0,6.1,0
21,Josh Allen,2024-W8,2023-10-20,38,WR,1,grass,51,5,2.06,0
21,Josh Allen,2024-W9,2023-10-27,78,LB,0,turf,43,1,1.26,0
21,Josh Allen,2024-W10,2023-11-03,59,QB,0,grass,77,1,4.8,0
22,Nick Bosa,2024-W1,2023-09-01,44,WR,0,turf,71,3,3.32,0
22,Nick Bosa,2024-W2,2023-09-08,53,TE,0,grass,78,2,7.36,0
22,Nick Bosa,2024-W3,2023-09-15,78,QB,0,grass,44,0,2.86,0
22,Nick Bosa,2024-W4,2023-09-22,35,WR,1,grass,55,0,5.05,0
22,Nick Bosa,2024-W5,2023-09-29,42,LB,1,turf,40,0,6.03,0
22,Nick Bosa,2024-W6,2023-10-06,78,RB,0,grass,60,1,6.97,0
22,Nick Bosa,2024-W7,2023-10-13,35,QB,0,turf,55,5,3.34,0
22,Nick Bosa,2024-W8,2023-10-20,67,RB,0,grass,63,1,7.61,0
22,Nick Bosa,2024-W9,2023-10-27,50,CB,1,grass,69,1,9.88,0
22,Nick Bosa,2024-W10,2023-11-03,33,WR,1,turf,79,1,6.18,0
23,Justin Jefferson,2024-W1,2023-09-01,22,LB,0,turf,60,3,8.17,0
23,Justin Jefferson,2024-W2,2023-09-08,23,LB,1,grass,47,1,6.14,0
23,Justin Jefferson,2024-W3,2023-09-15,52,LB,1,turf,36,2,5.66,0
23,Justin Jefferson,2024-W4,2023-09-22,51,WR,0,grass,80,3,7.63,0
23,Justin Jefferson,2024-W5,2023-09-29,48,CB,0,grass,87,3,7.34,0
23,Justin Jefferson,2024-W6,2023-10-06,66,QB,1,turf,59,3,6.13,0
23,Justin Jefferson,2024-W7,2023-10-13,24,QB,1,grass,37,4,2.81,0
23,Justin Jefferson,2024-W8,2023-10-20,23,RB,1,grass,59,0,3.66,0
23,Justin Jefferson,2024-W9,2023-10-27,72,CB,0,grass,49,0,3.59,0
23,Justin Jefferson,2024-W10,2023-11-03,78,RB,0,grass,71,2,4.95,0
24,Joe Burrow,2024-W1,2023-09-01,79,CB,0,turf,80,2,5.31,0
24,Joe Burrow,2024-W2,2023-09-08,27,TE,0,grass,88,4,5.61,0
24,Joe Burrow,2024-W3,2023-09-15,70,LB,1,turf,77,1,4.67,0
24,Joe Burrow,2024-W4,2023-09-22,77,WR,1,turf,39,4,5.29,0
24,Joe Burrow,2024-W5,2023-09-29,73,QB,0,grass,54,1,2.1,0
24,Joe Burrow,2024-W6,2023-10-06,54,RB,1,turf,51,2,5.85,0
24,Joe Burrow,2024-W7,2023-10-13,51,WR,1,grass,90,4,10.21,0
24,Joe Burrow,2024-W8,2023-10-20,33,LB,1,grass,75,2,7.38,0
24,Joe Burrow,2024-W9,2023-10-27,78,TE,0,grass,37,0,6.51,0
24,Joe Burrow,2024-W10,2023-11-03,30,WR,1,turf,94,5,5.1,0
25,Jalen Ramsey,2024-W1,2023-09-01,27,WR,0,turf,60,1,4.46,0
25,Jalen Ramsey,2024-W2,2023-09-08,36,RB,1,grass,66,5,5.95,0
25,Jalen Ramsey,2024-W3,2023-09-15,48,WR,1,grass,90,1,7.71,0
25,Jalen Ramsey,2024-W4,2023-09-22,52,CB,1,grass,50,3,5.77,0
25,Jalen Ramsey,2024-W5,2023-09-29,52,WR,0,turf,75,4,6.5,0
25,Jalen Ramsey,2024-W6,2023-10-06,61,TE,0,grass,72,3,7.21,0
25,Jalen Ramsey,2024-W7,2023-10-13,26,LB,0,grass,92,0,4.76,0
25,Jalen Ramsey,2024-W8,2023-10-20,49,RB,1,turf,48,4,3.83,0
25,Jalen Ramsey,2024-W9,2023-10-27,48,TE,0,turf,66,4,5.88,0
25,Jalen Ramsey,2024-W10,2023-11-03,36,RB,1,turf,58,4,5.59,0
26,Stefon Diggs,2024-W1,2023-09-01,54,CB,0,turf,41,1,7.87,0
26,Stefon Diggs,2024-W2,2023-09-08,47,TE,0,turf,71,4,5.03,0
26,Stefon Diggs,2024-W3,2023-09-15,41,TE,1,turf,70,1,7.0,0
26,Stefon Diggs,2024-W4,2023-09-22,73,QB,1,turf,90,2,7.45,1
26,Stefon Diggs,2024-W5,2023-09-29,37,RB,1,turf,81,4,9.54,0
26,Stefon Diggs,2024-W6,2023-10-06,71,LB,1,grass,63,2,4.02,0
26,Stefon Diggs,2024-W7,2023-10-13,52,CB,0,grass,66,2,5.27,0
26,Stefon Diggs,2024-W8,2023-10-20,23,QB,0,grass,75,4,3.05,0
26,Stefon Diggs,2024-W9,2023-10-27,48,WR,1,turf,36,5,4.53,0
26,Stefon Diggs,2024-W10,2023-11-03,22,QB,1,turf,90,3,4.79,0
27,Lamar Jackson,2024-W1,2023-09-01,48,LB,0,turf,71,2,1.81,0
27,Lamar Jackson,2024-W2,2023-09-08,77,TE,1,grass,68,4,4.37,0
27,Lamar Jackson,2024-W3,2023-09-15,54,QB,0,turf,46,1,5.34,0
27,Lamar Jackson,2024-W4,2023-09-22,27,TE,1,grass,51,4,7.73,0
27,Lamar Jackson,2024-W5,2023-09-29,72,WR,1,turf,86,2,4.2,0
27,Lamar Jackson,2024-W6,2023-10-06,43,TE,1,grass,54,5,7.37,0
27,Lamar Jackson,2024-W7,2023-10-13,34,QB,1,turf,41,0,2.65,0
27,Lamar Jackson,2024-W8,2023-10-20,28,CB,1,grass,94,5,6.71,0
27,Lamar Jackson,2024-W9,2023-10-27,73,LB,0,turf,58,2,9.43,0
27,Lamar Jackson,2024-W10,2023-11-03,37,CB,0,grass,72,2,4.73,0
28,George Kittle,2024-W1,2023-09-01,64,QB,0,turf,72,0,5.45,0
28,George Kittle,2024-W2,2023-09-08,43,QB,0,turf,91,5,4.36,0
28,George Kittle,2024-W3,2023-09-15,51,CB,1,turf,54,0,5.06,0
28,George Kittle,2024-W4,2023-09-22,79,QB,1,grass,67,0,5.55,0
28,George Kittle,2024-W5,2023-09-29,32,CB,0,grass,86,1,3.5,0
28,George Kittle,2024-W6,2023-10-06,58,RB,1,turf,84,1,4.94,0
28,George Kittle,2024-W7,2023-10-13,61,TE,0,turf,45,4,9.12,0
28,George Kittle,2024-W8,2023-10-20,27,RB,1,turf,54,5,6.22,0
28,George Kittle,2024-W9,2023-10-27,66,WR,0,grass,45,3,9.81,0
28,George Kittle,2024-W10,2023-11-03,41,RB,0,grass,75,3,7.84,0
29,Micah Parsons,2024-W1,2023-09-01,61,CB,0,turf,88,3,4.2,0
29,Micah Parsons,2024-W2,2023-09-08,64,WR,1,grass,89,5,4.53,0
29,Micah Parsons,2024-W3,2023-09-15,55,LB,1,grass,89,4,5.45,0
29,Micah Parsons,2024-W4,2023-09-22,37,CB,1,grass,56,4,9.78,0
29,Micah Parsons,2024-W5,2023-09-29,51,QB,0,grass,62,1,2.76,0
29,Micah Parsons,2024-W6,2023-10-06,73,QB,0,turf,83,5,4.55,0
29,Micah Parsons,2024-W7,2023-10-13,40,RB,0,turf,54,4,3.05,0
29,Micah Parsons,2024-W8,2023-10-20,39,TE,1,turf,83,2,2.57,0
29,Micah Parsons,2024-W9,2023-10-27,51,QB,1,turf,87,1,7.66,0
29,Micah Parsons,2024-W10,2023-11-03,53,TE,1,grass,76,2,5.42,0
30,Patrick Mahomes,2024-W1,2023-09-01,70,RB,1,grass,46,2,8.45,0
30,Patrick Mahomes,2024-W2,2023-09-08,34,QB,0,turf,42,3,8.26,0
30,Patrick Mahomes,2024-W3,2023-09-15,67,CB,0,turf,78,5,5.45,0
30,Patrick Mahomes,2024-W4,2023-09-22,73,TE,0,grass,48,0,7.85,0
30,Patrick Mahomes,2024-W5,2023-09-29,39,RB,0,turf,51,2,3.75,0
30,Patrick Mahomes,2024-W6,2023-10-06,54,LB,0,grass,35,3,2.25,0
30,Patrick Mahomes,2024-W7,2023-10-13,75,TE,0,grass,81,2,5.2,0
30,Patrick Mahomes,2024-W8,2023-10-20,35,RB,0,turf,46,5,7.49,0
30,Patrick Mahomes,2024-W9,2023-10-27,60,QB,0,turf,42,2,2.91,0
30,Patrick Mahomes,2024-W10,2023-11-03,62,LB,0,grass,46,4,2.47,0
31,Derrick Henry,2024-W1,2023-09-01,68,QB,1,turf,90,3,5.85,0
31,Derrick Henry,2024-W2,2023-09-08,78,LB,1,turf,48,1,7.68,1
31,Derrick Henry,2024-W3,2023-09-15,28,LB,1,turf,63,0,5.24,0
31,Derrick Henry,2024-W4,2023-09-22,72,WR,0,grass,83,2,3.43,0
31,Derrick Henry,2024-W5,2023-09-29,33,TE,1,turf,87,1,5.78,0
31,Derrick Henry,2024-W6,2023-10-06,76,WR,1,grass,78,5,6.41,0
31,Derrick Henry,2024-W7,2023-10-13,39,CB,0,turf,50,1,6.73,0
31,Derrick Henry,2024-W8,2023-10-20,69,LB,0,grass,42,4,3.39,0
31,Derrick Henry,2024-W9,2023-10-27,51,CB,0,grass,56,1,5.29,0
31,Derrick Henry,2024-W10,2023-11-03,37,QB,1,turf,81,0,5.45,0
32,Tyreek Hill,2024-W1,2023-09-01,31,WR,1,grass,80,3,3.35,0
32,Tyreek Hill,2024-W2,2023-09-08,35,CB,0,turf,39,0,6.84,0
32,Tyreek Hill,2024-W3,2023-09-15,45,CB,1,turf,84,5,7.1,0
32,Tyreek Hill,2024-W4,2023-09-22,44,LB,0,grass,47,0,4.7,0
32,Tyreek Hill,2024-W5,2023-09-29,30,TE,1,grass,72,5,5.28,0
32,Tyreek Hill,2024-W6,2023-10-06,53,RB,0,grass,57,2,7.04,0
32,Tyreek Hill,2024-W7,2023-10-13,64,WR,0,turf,88,0,7.72,0
32,Tyreek Hill,2024-W8,2023-10-20,77,LB,0,turf,63,0,2.58,0
32,Tyreek Hill,2024-W9,2023-10-27,52,QB,1,grass,69,3,5.58,0
32,Tyreek Hill,2024-W10,2023-11-03,27,CB,1,turf,36,5,5.04,0
33,Travis Kelce,2024-W1,2023-09-01,28,WR,0,turf,42,1,4.59,0
33,Travis Kelce,2024-W2,2023-09-08,45,QB,1,grass,68,4,5.46,0
33,Travis Kelce,2024-W3,2023-09-15,34,TE,1,grass,77,5,7.21,0
33,Travis Kelce,2024-W4,2023-09-22,62,LB,0,grass,77,4,7.46,0
33,Travis Kelce,2024-W5,2023-09-29,79,QB,1,grass,85,3,5.12,0
33,Travis Kelce,2024-W6,2023-10-06,53,CB,0,turf,82,4,6.61,0
33,Travis Kelce,2024-W7,2023-10-13,71,CB,0,grass,81,3,1.68,0
33,Travis Kelce,2024-W8,2023-10-20,55,CB,1,turf,83,4,6.29,0
33,Travis Kelce,2024-W9,2023-10-27,23,RB,0,turf,45,3,5.71,0
33,Travis Kelce,2024-W10,2023-11-03,26,QB,1,grass,76,3,2.83,0
34,Aaron Donald,2024-W1,2023-09-01,39,TE,1,grass,88,0,6.45,0
34,Aaron Donald,2024-W2,2023-09-08,66,WR,0,grass,56,5,0.95,0
34,Aaron Donald,2024-W3,2023-09-15,40,CB,1,grass,60,0,3.38,0
34,Aaron Donald,2024-W4,2023-09-22,76,LB,1,turf,58,0,6.46,1
34,Aaron Donald,2024-W5,2023-09-29,45,WR,0,turf,84,2,6.37,0
34,Aaron Donald,2024-W6,2023-10-06,44,RB,0,turf,44,0,7.28,0
34,Aaron Donald,2024-W7,2023-10-13,74,RB,0,grass,83,2,5.34,0
34,Aaron Donald,2024-W8,2023-10-20,40,QB,1,turf,71,2,7.69,0
34,Aaron Donald,2024-W9,2023-10-27,47,WR,1,grass,48,4,5.32,0
34,Aaron Donald,2024-W10,2023-11-03,21,WR,0,grass,52,2,10.66,0
35,Davante Adams,2024-W1,2023-09-01,61,CB,0,grass,75,0,6.28,0
35,Davante Adams,2024-W2,2023-09-08,57,RB,1,grass,79,5,7.91,0
35,Davante Adams,2024-W3,2023-09-15,55,LB,0,turf,37,0,3.3,0
35,Davante Adams,2024-W4,2023-09-22,60,TE,0,grass,94,1,4.08,0
35,Davante Adams,2024-W5,2023-09-29,79,LB,1,grass,66,4,6.76,0
35,Davante Adams,2024-W6,2023-10-06,22,CB,1,grass,92,2,2.39,0
35,Davante Adams,2024-W7,2023-10-13,41,CB,1,grass,78,1,1.6,0
35,Davante Adams,2024-W8,2023-10-20,41,TE,1,turf,39,4,4.24,0
35,Davante Adams,2024-W9,2023-10-27,48,QB,0,turf,76,5,8.0,0
35,Davante Adams,2024-W10,2023-11-03,31,QB,1,turf,42,3,4.9,0
36,Josh Allen,2024-W1,2023-09-01,22,CB,0,grass,62,2,5.65,0
36,Josh Allen,2024-W2,2023-09-08,76,CB,0,turf,40,5,7.06,0
36,Josh Allen,2024-W3,2023-09-15,37,QB,0,turf,46,5,4.92,0
36,Josh Allen,2024-W4,2023-09-22,64,RB,0,grass,36,2,4.68,0
36,Josh Allen,2024-W5,2023-09-29,76,QB,0,grass,37,3,5.89,0
36,Josh Allen,2024-W6,2023-10-06,37,CB,0,turf,77,5,5.31,0
36,Josh Allen,2024-W7,2023-10-13,79,LB,1,turf,46,0,5.66,0
36,Josh Allen,2024-W8,2023-10-20,54,CB,1,turf,64,5,5.3,0
36,Josh Allen,2024-W9,2023-10-27,25,WR,1,grass,86,5,5.15,0
36,Josh Allen,2024-W10,2023-11-03,21,WR,1,grass,52,5,3.99,0
37,Nick Bosa,2024-W1,2023-09-01,39,RB,1,turf,59,1,5.45,0
37,Nick Bosa,2024-W2,2023-09-08,65,CB,1,grass,86,2,7.14,0
37,Nick Bosa,2024-W3,2023-09-15,54,QB,1,grass,47,4,5.38,0
37,Nick Bosa,2024-W4,2023-09-22,23,QB,0,turf,79,3,3.4,0
37,Nick Bosa,2024-W5,2023-09-29,31,TE,0,grass,48,3,3.62,0
37,Nick Bosa,2024-W6,2023-10-06,25,LB,0,turf,36,3,5.21,0
37,Nick Bosa,2024-W7,2023-10-13,42,WR,0,grass,39,2,4.37,0
37,Nick Bosa,2024-W8,2023-10-20,30,RB,0,grass,90,0,4.3,0
37,Nick Bosa,2024-W9,2023-10-27,42,WR,0,grass,55,0,4.08,0
37,Nick Bosa,2024-W10,2023-11-03,26,TE,0,turf,38,0,7.21,0
38,Justin Jefferson,2024-W1,2023-09-01,56,TE,1,grass,86,3,0.39,0
38,Justin Jefferson,2024-W2,2023-09-08,56,TE,0,turf,69,2,7.37,0
38,Justin Jefferson,2024-W3,2023-09-15,47,CB,1,grass,71,4,4.35,0
38,Justin Jefferson,2024-W4,2023-09-22,73,CB,0,grass,44,1,0.32,0
38,Justin Jefferson,2024-W5,2023-09-29,75,LB,0,grass,55,1,3.51,0
38,Justin Jefferson,2024-W6,2023-10-06,79,WR,0,grass,86,4,5.44,0
38,Justin Jefferson,2024-W7,2023-10-13,45,CB,1,turf,86,3,7.68,0
38,Justin Jefferson,2024-W8,2023-10-20,48,TE,0,turf,76,4,6.57,0
38,Justin Jefferson,2024-W9,2023-10-27,61,LB,0,grass,51,0,5.1,0
38,Justin Jefferson,2024-W10,2023-11-03,69,RB,1,turf,74,4,4.74,0
39,Joe Burrow,2024-W1,2023-09-01,47,WR,0,turf,42,2,2.48,0
39,Joe Burrow,2024-W2,2023-09-08,36,TE,0,turf,79,2,4.95,0
39,Joe Burrow,2024-W3,2023-09-15,24,TE,0,grass,71,4,7.69,0
39,Joe Burrow,2024-W4,2023-09-22,54,QB,0,turf,55,1,6.65,0
39,Joe Burrow,2024-W5,2023-09-29,50,CB,1,grass,86,2,3.41,0
39,Joe Burrow,2024-W6,2023-10-06,62,RB,0,grass,64,5,6.57,0
39,Joe Burrow,2024-W7,2023-10-13,51,RB,1,grass,66,3,5.85,0
39,Joe Burrow,2024-W8,2023-10-20,59,QB,0,turf,49,1,5.99,0
39,Joe Burrow,2024-W9,2023-10-27,22,QB,1,turf,38,5,7.42,0
39,Joe Burrow,2024-W10,2023-11-03,29,LB,1,turf,61,1,5.39,0
40,Jalen Ramsey,2024-W1,2023-09-01,73,LB,0,turf,65,3,5.96,0
40,Jalen Ramsey,2024-W2,2023-09-08,28,QB,1,grass,48,3,3.68,0
40,Jalen Ramsey,2024-W3,2023-09-15,77,QB,1,turf,86,5,5.92,0
40,Jalen Ramsey,2024-W4,2023-09-22,70,CB,0,turf,55,2,6.52,0
40,Jalen Ramsey,2024-W5,2023-09-29,77,CB,0,grass,83,3,5.17,0
40,Jalen Ramsey,2024-W6,2023-10-06,32,CB,0,turf,42,5,6.07,0
40,Jalen Ramsey,2024-W7,2023-10-13,59,CB,0,grass,78,2,7.75,0
40,Jalen Ramsey,2024-W8,2023-10-20,44,CB,1,grass,47,1,3.9,0
40,Jalen Ramsey,2024-W9,2023-10-27,21,LB,0,grass,86,2,5.47,0
40,Jalen Ramsey,2024-W10,2023-11-03,42,TE,0,turf,77,4,6.57,0
41,Stefon Diggs,2024-W1,2023-09-01,52,WR,0,turf,53,4,5.83,0
41,Stefon Diggs,2024-W2,2023-09-08,44,LB,0,turf,76,1,3.79,0
41,Stefon Diggs,2024-W3,2023-09-15,35,QB,1,grass,37,0,3.79,0
41,Stefon Diggs,2024-W4,2023-09-22,61,RB,0,grass,44,4,4.26,0
41,Stefon Diggs,2024-W5,2023-09-29,65,WR,0,turf,75,4,8.78,0
41,Stefon Diggs,2024-W6,2023-10-06,61,RB,1,turf,46,0,10.75,0
41,Stefon Diggs,2024-W7,2023-10-13,33,CB,0,turf,87,0,7.75,0
41,Stefon Diggs,2024-W8,2023-10-20,50,CB,1,grass,71,1,7.07,0
41,Stefon Diggs,2024-W9,2023-10-27,23,LB,1,turf,44,5,2.1,0
41,Stefon Diggs,2024-W10,2023-11-03,40,CB,1,grass,55,1,8.41,0
42,Lamar Jackson,2024-W1,2023-09-01,57,CB,1,turf,91,4,5.86,0
42,Lamar Jackson,2024-W2,2023-09-08,23,LB,1,grass,58,4,3.83,0
42,Lamar Jackson,2024-W3,2023-09-15,35,RB,0,turf,38,5,10.52,0
42,Lamar Jackson,2024-W4,2023-09-22,38,TE,1,grass,83,5,4.82,0
42,Lamar Jackson,2024-W5,2023-09-29,38,CB,1,grass,46,5,5.66,0
42,Lamar Jackson,2024-W6,2023-10-06,64,TE,1,grass,83,0,8.11,0
42,Lamar Jackson,2024-W7,2023-10-13,37,TE,0,grass,62,2,7.05,0
42,Lamar Jackson,2024-W8,2023-10-20,73,LB,0,grass,40,3,7.26,0
42,Lamar Jackson,2024-W9,2023-10-27,39,WR,0,turf,81,5,7.2,0
42,Lamar Jackson,2024-W10,2023-11-03,45,LB,0,turf,44,1,7.25,0
43,George Kittle,2024-W1,2023-09-01,22,LB,0,grass,64,5,8.86,0
43,George Kittle,2024-W2,2023-09-08,78,LB,0,grass,53,1,6.97,0
43,George Kittle,2024-W3,2023-09-15,54,CB,1,grass,39,4,2.7,0
43,George Kittle,2024-W4,2023-09-22,40,RB,1,grass,70,5,-0.11,0
43,George Kittle,2024-W5,2023-09-29,45,TE,1,grass,73,1,5.7,0
43,George Kittle,2024-W6,2023-10-06,55,CB,0,turf,80,3,5.79,0
43,George Kittle,2024-W7,2023-10-13,63,TE,0,grass,54,0,5.3,0
43,George Kittle,2024-W8,2023-10-20,47,WR,0,turf,48,1,5.09,0
43,George Kittle,2024-W9,2023-10-27,35,CB,0,turf,59,4,4.06,0
43,George Kittle,2024-W10,2023-11-03,55,WR,1,turf,92,2,4.53,0
44,Micah Parsons,2024-W1,2023-09-01,76,LB,1,turf,67,2,6.97,1
44,Micah Parsons,2024-W2,2023-09-08,37,WR,1,turf,49,4,4.94,0
44,Micah Parsons,2024-W3,2023-09-15,61,RB,1,turf,48,0,6.32,0
44,Micah Parsons,2024-W4,2023-09-22,24,WR,0,turf,71,0,5.49,0
44,Micah Parsons,2024-W5,2023-09-29,38,WR,0,grass,46,0,4.29,0
44,Micah Parsons,2024-W6,2023-10-06,76,CB,0,grass,51,4,8.76,0
44,Micah Parsons,2024-W7,2023-10-13,53,TE,1,grass,75,5,9.85,0
44,Micah Parsons,2024-W8,2023-10-20,65,CB,1,grass,44,4,7.38,0
44,Micah Parsons,2024-W9,2023-10-27,24,RB,1,turf,91,1,8.77,0
44,Micah Parsons,2024-W10,2023-11-03,31,CB,1,grass,44,2,4.98,0
45,Patrick Mahomes,2024-W1,2023-09-01,70,QB,1,turf,41,4,4.53,0
45,Patrick Mahomes,2024-W2,2023-09-08,65,TE,1,grass,90,4,3.59,0
45,Patrick Mahomes,2024-W3,2023-09-15,34,CB,1,turf,48,2,5.67,0
45,Patrick Mahomes,2024-W4,2023-09-22,47,RB,0,grass,36,0,6.78,0
45,Patrick Mahomes,2024-W5,2023-09-29,75,CB,0,turf,78,0,8.03,0
45,Patrick Mahomes,2024-W6,2023-10-06,58,TE,0,grass,93,1,4.57,0
45,Patrick Mahomes,2024-W7,2023-10-13,62,WR,0,grass,45,3,1.84,0
45,Patrick Mahomes,2024-W8,2023-10-20,47,QB,1,grass,55,0,5.9,0
45,Patrick Mahomes,2024-W9,2023-10-27,66,CB,1,turf,76,3,7.47,0
45,Patrick Mahomes,2024-W10,2023-11-03,26,WR,0,grass,61,1,6.81,0
46,Derrick Henry,2024-W1,2023-09-01,62,CB,0,turf,35,4,7.06,0
46,Derrick Henry,2024-W2,2023-09-08,56,TE,1,turf,80,5,6.64,0
46,Derrick Henry,2024-W3,2023-09-15,38,QB,1,grass,80,0,6.03,0
46,Derrick Henry,2024-W4,2023-09-22,40,CB,0,turf,38,3,5.41,0
46,Derrick Henry,2024-W5,2023-09-29,57,RB,0,grass,89,2,4.29,0
46,Derrick Henry,2024-W6,2023-10-06,23,QB,1,turf,60,5,6.05,0
46,Derrick Henry,2024-W7,2023-10-13,24,WR,0,turf,63,0,5.84,0
46,Derrick Henry,2024-W8,2023-10-20,38,TE,1,grass,45,1,8.14,0
46,Derrick Henry,2024-W9,2023-10-27,66,TE,1,grass,55,1,5.77,0
46,Derrick Henry,2024-W10,2023-11-03,49,RB,1,grass,62,1,5.73,0
47,Tyreek Hill,2024-W1,2023-09-01,52,LB,0,turf,68,0,3.93,0
47,Tyreek Hill,2024-W2,2023-09-08,30,QB,0,turf,56,0,6.72,0
47,Tyreek Hill,2024-W3,2023-09-15,24,TE,0,turf,49,2,3.69,0
47,Tyreek Hill,2024-W4,2023-09-22,35,RB,1,grass,74,3,6.15,0
47,Tyreek Hill,2024-W5,2023-09-29,66,CB,0,turf,94,0,4.48,0
47,Tyreek Hill,2024-W6,2023-10-06,22,TE,1,grass,81,5,7.06,0
47,Tyreek Hill,2024-W7,2023-10-13,34,LB,0,grass,87,4,6.53,0
47,Tyreek Hill,2024-W8,2023-10-20,31,QB,0,grass,69,3,5.86,0
47,Tyreek Hill,2024-W9,2023-10-27,32,RB,0,grass,40,2,2.38,0
47,Tyreek Hill,2024-W10,2023-11-03,33,TE,0,turf,69,2,2.64,0
48,Travis Kelce,2024-W1,2023-09-01,49,CB,0,turf,83,0,4.69,0
48,Travis Kelce,2024-W2,2023-09-08,57,CB,1,grass,53,5,5.37,0
48,Travis Kelce,2024-W3,2023-09-15,70,WR,1,grass,43,3,3.63,0
48,Travis Kelce,2024-W4,2023-09-22,74,QB,1,grass,81,3,7.67,0
48,Travis Kelce,2024-W5,2023-09-29,33,CB,0,grass,70,0,1.73,0
48,Travis Kelce,2024-W6,2023-10-06,30,LB,0,grass,93,5,4.91,0
48,Travis Kelce,2024-W7,2023-10-13,49,QB,1,grass,38,3,6.36,0
48,Travis Kelce,2024-W8,2023-10-20,65,CB,0,turf,89,4,7.3,0
48,Travis Kelce,2024-W9,2023-10-27,68,CB,1,grass,45,5,5.64,0
48,Travis Kelce,2024-W10,2023-11-03,24,TE,0,grass,78,0,7.82,0
49,Aaron Donald,2024-W1,2023-09-01,72,LB,0,grass,43,3,4.46,0
49,Aaron Donald,2024-W2,2023-09-08,73,TE,1,grass,49,0,5.98,0
49,Aaron Donald,2024-W3,2023-09-15,38,RB,1,grass,56,4,7.94,0
49,Aaron Donald,2024-W4,2023-09-22,48,WR,1,grass,41,3,9.0,0
49,Aaron Donald,2024-W5,2023-09-29,47,TE,1,turf,79,2,6.35,0
49,Aaron Donald,2024-W6,2023-10-06,53,WR,0,grass,35,5,5.79,0
49,Aaron Donald,2024-W7,2023-10-13,25,CB,0,turf,51,4,4.28,0
49,Aaron Donald,2024-W8,2023-10-20,27,WR,1,turf,35,0,5.43,0
49,Aaron Donald,2024-W9,2023-10-27,48,LB,0,grass,74,5,2.49,0
49,Aaron Donald,2024-W10,2023-11-03,75,QB,0,grass,72,0,7.02,0
50,Davante Adams,2024-W1,2023-09-01,65,QB,1,turf,77,3,4.88,0
50,Davante Adams,2024-W2,2023-09-08,40,LB,0,turf,76,2,4.0,0
50,Davante Adams,2024-W3,2023-09-15,73,CB,0,grass,58,4,7.2,0
50,Davante Adams,2024-W4,2023-09-22,40,WR,0,grass,89,0,4.35,0
50,Davante Adams,2024-W5,2023-09-29,58,LB,1,grass,80,2,7.02,0
50,Davante Adams,2024-W6,2023-10-06,64,QB,1,turf,53,3,5.33,0
50,Davante Adams,2024-W7,2023-10-13,27,LB,0,grass,46,4,7.34,0
50,Davante Adams,2024-W8,2023-10-20,58,TE,1,grass,42,0,4.42,0
50,Davante Adams,2024-W9,2023-10-27,46,CB,0,turf,79,0,8.72,0
50,Davante Adams,2024-W10,2023-11-03,21,TE,1,grass,70,1,7.29,0
51,Josh Allen,2024-W1,2023-09-01,56,WR,0,turf,74,3,5.09,0
51,Josh Allen,2024-W2,2023-09-08,70,QB,0,turf,63,0,7.22,0
51,Josh Allen,2024-W3,2023-09-15,29,RB,0,grass,47,1,3.22,0
51,Josh Allen,2024-W4,2023-09-22,28,QB,0,turf,37,3,5.51,0
51,Josh Allen,2024-W5,2023-09-29,25,WR,0,turf,63,5,6.62,0
51,Josh Allen,2024-W6,2023-10-06,31,WR,0,grass,89,4,7.34,0
51,Josh Allen,2024-W7,2023-10-13,34,RB,0,grass,83,0,7.21,0
51,Josh Allen,2024-W8,2023-10-20,47,LB,1,grass,52,3,8.07,0
51,Josh Allen,2024-W9,2023-10-27,54,LB,0,grass,87,5,4.97,0
51,Josh Allen,2024-W10,2023-11-03,53,WR,0,turf,78,0,8.37,0
52,Nick Bosa,2024-W1,2023-09-01,42,WR,1,turf,92,2,8.67,0
52,Nick Bosa,2024-W2,2023-09-08,52,RB,1,turf,71,3,7.06,0
52,Nick Bosa,2024-W3,2023-09-15,56,QB,0,grass,54,2,5.6,0
52,Nick Bosa,2024-W4,2023-09-22,47,WR,0,grass,65,2,5.18,0
52,Nick Bosa,2024-W5,2023-09-29,30,QB,0,turf,39,1,6.04,0
52,Nick Bosa,2024-W6,2023-10-06,57,QB,0,turf,83,4,7.82,0
52,Nick Bosa,2024-W7,2023-10-13,69,LB,1,turf,58,2,3.27,0
52,Nick Bosa,2024-W8,2023-10-20,45,WR,1,turf,77,2,5.7,0
52,Nick Bosa,2024-W9,2023-10-27,61,WR,1,turf,93,4,1.89,0
52,Nick Bosa,2024-W10,2023-11-03,56,RB,0,grass,76,3,4.79,0
53,Justin Jefferson,2024-W1,2023-09-01,56,WR,0,turf,38,1,2.42,0
53,Justin Jefferson,2024-W2,2023-09-08,67,CB,1,grass,71,0,2.53,0
53,Justin Jefferson,2024-W3,2023-09-15,68,LB,1,grass,56,4,5.06,0
53,Justin Jefferson,2024-W4,2023-09-22,61,RB,1,grass,85,1,7.96,0
53,Justin Jefferson,2024-W5,2023-09-29,68,LB,1,grass,78,4,5.62,0
53,Justin Jefferson,2024-W6,2023-10-06,70,QB,1,grass,58,4,6.49,0
53,Justin Jefferson,2024-W7,2023-10-13,54,LB,0,turf,45,3,6.08,0
53,Justin Jefferson,2024-W8,2023-10-20,76,RB,0,grass,73,4,7.3,0
53,Justin Jefferson,2024-W9,2023-10-27,27,TE,0,grass,71,3,8.83,0
53,Justin Jefferson,2024-W10,2023-11-03,73,LB,0,turf,88,4,8.62,0
54,Joe Burrow,2024-W1,2023-09-01,73,WR,0,turf,39,0,4.78,0
54,Joe Burrow,2024-W2,2023-09-08,77,TE,1,grass,85,2,9.44,0
54,Joe Burrow,2024-W3,2023-09-15,45,TE,1,turf,66,5,1.95,0
54,Joe Burrow,2024-W4,2023-09-22,57,WR,0,turf,58,2,8.02,0
54,Joe Burrow,2024-W5,2023-09-29,30,QB,0,turf,51,2,5.29,0
54,Joe Burrow,2024-W6,2023-10-06,47,WR,0,grass,81,3,7.41,0
54,Joe Burrow,2024-W7,2023-10-13,26,LB,0,turf,43,3,3.45,0
54,Joe Burrow,2024-W8,2023-10-20,57,WR,0,grass,47,5,3.91,0
54,Joe Burrow,2024-W9,2023-10-27,50,RB,1,turf,63,5,7.4,0
54,Joe Burrow,2024-W10,2023-11-03,61,CB,0,turf,46,1,7.7,0
55,Jalen Ramsey,2024-W1,2023-09-01,60,WR,1,turf,91,5,7.41,0
55,Jalen Ramsey,2024-W2,2023-09-08,26,CB,0,grass,35,3,6.53,0
55,Jalen Ramsey,2024-W3,2023-09-15,44,LB,0,grass,71,4,7.1,0
55,Jalen Ramsey,2024-W4,2023-09-22,28,QB,1,grass,36,0,7.01,0
55,Jalen Ramsey,2024-W5,2023-09-29,53,CB,1,turf,38,5,9.72,0
55,Jalen Ramsey,2024-W6,2023-10-06,32,LB,1,turf,79,4,7.07,0
55,Jalen Ramsey,2024-W7,2023-10-13,38,WR,1,turf,36,0,8.41,0
55,Jalen Ramsey,2024-W8,2023-10-20,35,CB,1,turf,36,1,5.51,0
55,Jalen Ramsey,2024-W9,2023-10-27,32,TE,1,grass,37,5,4.56,0
55,Jalen Ramsey,2024-W10,2023-11-03,73,LB,0,grass,73,0,4.1,0
56,Stefon Diggs,2024-W1,2023-09-01,36,QB,1,grass,47,4,4.69,0
56,Stefon Diggs,2024-W2,2023-09-08,44,CB,0,grass,89,5,2.73,0
56,Stefon Diggs,2024-W3,2023-09-15,29,RB,1,turf,88,3,6.35,0
56,Stefon Diggs,2024-W4,2023-09-22,69,TE,1,turf,87,5,9.94,0
56,Stefon Diggs,2024-W5,2023-09-29,49,TE,0,grass,57,1,3.25,0
56,Stefon Diggs,2024-W6,2023-10-06,53,RB,1,turf,45,0,4.85,0
56,Stefon Diggs,2024-W7,2023-10-13,31,QB,0,grass,65,0,4.25,0
56,Stefon Diggs,2024-W8,2023-10-20,51,CB,1,grass,57,1,5.53,0
56,Stefon Diggs,2024-W9,2023-10-27,27,QB,1,grass,78,0,5.16,0
56,Stefon Diggs,2024-W10,2023-11-03,28,WR,1,turf,38,3,5.8,0
57,Lamar Jackson,2024-W1,2023-09-01,37,WR,0,grass,83,5,6.28,0
57,Lamar Jackson,2024-W2,2023-09-08,56,QB,1,grass,60,4,5.29,0
57,Lamar Jackson,2024-W3,2023-09-15,52,TE,0,grass,90,1,4.67,0
57,Lamar Jackson,2024-W4,2023-09-22,62,LB,0,grass,58,3,4.28,0
57,Lamar Jackson,2024-W5,2023-09-29,30,QB,1,grass,59,5,5.13,0
57,Lamar Jackson,2024-W6,2023-10-06,38,TE,0,turf,51,4,2.02,0
57,Lamar Jackson,2024-W7,2023-10-13,73,TE,1,grass,69,1,8.04,0
57,Lamar Jackson,2024-W8,2023-10-20,60,TE,0,grass,47,1,6.76,0
57,Lamar Jackson,2024-W9,2023-10-27,56,LB,1,grass,36,0,4.76,0
57,Lamar Jackson,2024-W10,2023-11-03,75,CB,0,turf,79,4,9.71,0
58,George Kittle,2024-W1,2023-09-01,64,RB,0,turf,42,3,3.76,0
58,George Kittle,2024-W2,2023-09-08,63,TE,0,turf,74,5,7.75,0
58,George Kittle,2024-W3,2023-09-15,73,QB,1,grass,94,2,4.41,0
58,George Kittle,2024-W4,2023-09-22,73,CB,1,grass,78,4,5.17,0
58,George Kittle,2024-W5,2023-09-29,29,CB,0,grass,72,1,5.06,0
58,George Kittle,2024-W6,2023-10-06,66,CB,0,turf,88,3,0.22,0
58,George Kittle,2024-W7,2023-10-13,43,LB,0,grass,70,1,9.54,0
58,George Kittle,2024-W8,2023-10-20,39,TE,1,grass,51,3,5.93,0
58,George Kittle,2024-W9,2023-10-27,77,TE,0,turf,87,1,6.85,0
58,George Kittle,2024-W10,2023-11-03,53,LB,1,grass,66,4,6.68,0
59,Micah Parsons,2024-W1,2023-09-01,44,QB,0,turf,41,3,7.41,0
59,Micah Parsons,2024-W2,2023-09-08,35,WR,0,turf,47,3,9.34,0
59,Micah Parsons,2024-W3,2023-09-15,66,WR,0,turf,45,0,2.4,0
59,Micah Parsons,2024-W4,2023-09-22,64,CB,0,turf,74,2,7.08,0
59,Micah Parsons,2024-W5,2023-09-29,48,QB,0,turf,68,3,4.09,0
59,Micah Parsons,2024-W6,2023-10-06,63,RB,1,turf,74,0,5.41,0
59,Micah Parsons,2024-W7,2023-10-13,74,LB,1,turf,54,1,7.18,1
59,Micah Parsons,2024-W8,2023-10-20,41,QB,0,grass,60,3,9.46,0
59,Micah Parsons,2024-W9,2023-10-27,26,RB,0,turf,59,1,3.23,0
59,Micah Parsons,2024-W10,2023-11-03,32,LB,1,turf,38,3,3.62,0
60,Patrick Mahomes,2024-W1,2023-09-01,30,WR,0,grass,81,3,7.99,0
60,Patrick Mahomes,2024-W2,2023-09-08,76,QB,1,turf,60,0,3.7,0
60,Patrick Mahomes,2024-W3,2023-09-15,69,LB,1,turf,75,2,5.3,0
60,Patrick Mahomes,2024-W4,2023-09-22,57,WR,1,grass,66,4,4.41,0
60,Patrick Mahomes,2024-W5,2023-09-29,77,LB,1,grass,40,5,2.88,0
60,Patrick Mahomes,2024-W6,2023-10-06,50,CB,0,turf,40,4,5.88,0
60,Patrick Mahomes,2024-W7,2023-10-13,27,TE,0,grass,78,0,0.75,0
60,Patrick Mahomes,2024-W8,2023-10-20,63,CB,0,turf,38,2,6.7,0
60,Patrick Mahomes,2024-W9,2023-10-27,79,WR,1,turf,91,3,4.65,0
60,Patrick Mahomes,2024-W10,2023-11-03,38,CB,1,turf,60,5,2.27,0
61,Derrick Henry,2024-W1,2023-09-01,23,TE,0,grass,93,4,6.35,0
61,Derrick Henry,2024-W2,2023-09-08,74,LB,1,turf,64,3,5.54,0
61,Derrick Henry,2024-W3,2023-09-15,66,CB,0,grass,73,0,5.96,0
61,Derrick Henry,2024-W4,2023-09-22,41,LB,1,turf,43,4,3.09,0
61,Derrick Henry,2024-W5,2023-09-29,29,TE,0,turf,62,1,4.52,0
61,Derrick Henry,2024-W6,2023-10-06,74,WR,1,grass,61,0,6.44,0
61,Derrick Henry,2024-W7,2023-10-13,48,WR,1,grass,79,1,12.49,0
61,Derrick Henry,2024-W8,2023-10-20,26,QB,0,turf,54,4,2.57,0
61,Derrick Henry,2024-W9,2023-10-27,49,WR,0,grass,73,2,7.07,0
61,Derrick Henry,2024-W10,2023-11-03,64,TE,0,turf,87,2,2.62,0
62,Tyreek Hill,2024-W1,2023-09-01,37,TE,0,turf,35,1,3.89,0
62,Tyreek Hill,2024-W2,2023-09-08,20,QB,1,turf,90,4,6.99,0
62,Tyreek Hill,2024-W3,2023-09-15,60,LB,1,grass,45,2,1.85,0
62,Tyreek Hill,2024-W4,2023-09-22,70,WR,0,turf,41,1,3.98,0
62,Tyreek Hill,2024-W5,2023-09-29,59,LB,0,turf,38,1,5.73,0
62,Tyreek Hill,2024-W6,2023-10-06,64,LB,1,grass,82,2,7.47,0
62,Tyreek Hill,2024-W7,2023-10-13,67,CB,1,turf,91,2,0.29,0
62,Tyreek Hill,2024-W8,2023-10-20,43,WR,1,grass,70,1,5.9,0
62,Tyreek Hill,2024-W9,2023-10-27,48,RB,1,grass,68,0,4.29,0
62,Tyreek Hill,2024-W10,2023-11-03,71,LB,0,grass,87,5,5.4,0
63,Travis Kelce,2024-W1,2023-09-01,60,QB,0,grass,94,5,8.23,0
63,Travis Kelce,2024-W2,2023-09-08,59,CB,0,grass,54,2,3.81,0
63,Travis Kelce,2024-W3,2023-09-15,70,CB,0,turf,62,3,6.86,0
63,Travis Kelce,2024-W4,2023-09-22,66,QB,0,grass,57,1,3.2,0
63,Travis Kelce,2024-W5,2023-09-29,69,CB,1,grass,59,2,4.27,0
63,Travis Kelce,2024-W6,2023-10-06,67,WR,0,turf,70,5,4.75,0
63,Travis Kelce,2024-W7,2023-10-13,40,CB,0,turf,83,2,8.49,0
63,Travis Kelce,2024-W8,2023-10-20,51,WR,1,grass,43,0,4.49,0
63,Travis Kelce,2024-W9,2023-10-27,30,RB,1,grass,51,3,5.79,0
63,Travis Kelce,2024-W10,2023-11-03,78,LB,0,turf,83,0,6.48,0
64,Aaron Donald,2024-W1,2023-09-01,44,WR,1,grass,75,1,7.66,0
64,Aaron Donald,2024-W2,2023-09-08,78,CB,0,grass,57,1,7.49,0
64,Aaron Donald,2024-W3,2023-09-15,58,LB,1,grass,51,1,4.43,0
64,Aaron Donald,2024-W4,2023-09-22,32,CB,1,turf,86,4,6.58,0
64,Aaron Donald,2024-W5,2023-09-29,22,QB,0,grass,46,4,5.49,0
64,Aaron Donald,2024-W6,2023-10-06,22,RB,0,turf,66,3,6.84,0
64,Aaron Donald,2024-W7,2023-10-13,37,QB,0,grass,86,2,5.38,0
64,Aaron Donald,2024-W8,2023-10-20,23,WR,0,grass,40,0,6.41,0
64,Aaron Donald,2024-W9,2023-10-27,52,QB,1,grass,87,0,5.14,0
64,Aaron Donald,2024-W10,2023-11-03,59,LB,1,turf,69,2,1.6,0
65,Davante Adams,2024-W1,2023-09-01,31,WR,0,turf,59,3,7.61,0
65,Davante Adams,2024-W2,2023-09-08,21,CB,0,grass,71,5,8.49,0
65,Davante Adams,2024-W3,2023-09-15,75,WR,1,turf,89,2,2.81,0
65,Davante Adams,2024-W4,2023-09-22,27,TE,0,grass,46,5,6.86,0
65,Davante Adams,2024-W5,2023-09-29,72,WR,0,grass,46,0,5.28,0
65,Davante Adams,2024-W6,2023-10-06,47,CB,0,turf,90,2,6.91,0
65,Davante Adams,2024-W7,2023-10-13,52,CB,1,turf,75,2,4.48,0
65,Davante Adams,2024-W8,2023-10-20,49,TE,0,grass,54,5,5.92,0
65,Davante Adams,2024-W9,2023-10-27,26,CB,0,grass,88,4,4.91,0
65,Davante Adams,2024-W10,2023-11-03,37,RB,0,grass,42,1,4.44,0
66,Josh Allen,2024-W1,2023-09-01,48,RB,0,turf,40,1,5.04,0
66,Josh Allen,2024-W2,2023-09-08,24,RB,1,turf,75,0,3.65,0
66,Josh Allen,2024-W3,2023-09-15,46,QB,1,grass,93,2,5.33,0
66,Josh Allen,2024-W4,2023-09-22,35,RB,1,turf,44,5,2.6,0
66,Josh Allen,2024-W5,2023-09-29,41,RB,0,grass,73,2,4.41,0
66,Josh Allen,2024-W6,2023-10-06,63,WR,1,grass,81,1,4.96,0
66,Josh Allen,2024-W7,2023-10-13,49,LB,1,turf,37,5,7.12,0
66,Josh Allen,2024-W8,2023-10-20,52,CB,0,grass,70,2,3.2,0
66,Josh Allen,2024-W9,2023-10-27,79,RB,0,turf,35,2,5.07,0
66,Josh Allen,2024-W10,2023-11-03,41,TE,1,turf,59,4,6.05,0
67,Nick Bosa,2024-W1,2023-09-01,47,QB,0,grass,38,0,6.9,0
67,Nick Bosa,2024-W2,2023-09-08,29,TE,0,grass,80,1,5.63,0
67,Nick Bosa,2024-W3,2023-09-15,51,CB,1,turf,51,1,5.45,0
67,Nick Bosa,2024-W4,2023-09-22,54,TE,0,grass,59,3,5.15,0
67,Nick Bosa,2024-W5,2023-09-29,66,TE,0,grass,43,2,5.53,0
67,Nick Bosa,2024-W6,2023-10-06,36,WR,0,grass,76,1,5.33,0
67,Nick Bosa,2024-W7,2023-10-13,39,LB,1,grass,83,4,6.22,0
67,Nick Bosa,2024-W8,2023-10-20,66,QB,0,turf,39,2,6.64,0
67,Nick Bosa,2024-W9,2023-10-27,67,RB,1,grass,84,2,6.42,0
67,Nick Bosa,2024-W10,2023-11-03,35,RB,1,turf,89,1,2.8,0
68,Justin Jefferson,2024-W1,2023-09-01,37,CB,0,grass,70,2,7.33,0
68,Justin Jefferson,2024-W2,2023-09-08,22,RB,1,grass,89,2,4.11,0
68,Justin Jefferson,2024-W3,2023-09-15,65,WR,1,turf,51,0,6.7,0
68,Justin Jefferson,2024-W4,2023-09-22,58,QB,1,turf,67,5,4.33,0
68,Justin Jefferson,2024-W5,2023-09-29,56,QB,1,turf,93,4,7.5,0
68,Justin Jefferson,2024-W6,2023-10-06,78,TE,1,turf,74,3,5.03,0
68,Justin Jefferson,2024-W7,2023-10-13,69,TE,0,grass,49,3,5.51,0
68,Justin Jefferson,2024-W8,2023-10-20,30,RB,0,grass,38,5,0.1,0
68,Justin Jefferson,2024-W9,2023-10-27,26,LB,0,turf,58,3,4.14,0
68,Justin Jefferson,2024-W10,2023-11-03,22,CB,1,turf,91,0,3.7,0
69,Joe Burrow,2024-W1,2023-09-01,57,CB,0,turf,63,4,7.21,0
69,Joe Burrow,2024-W2,2023-09-08,66,TE,0,grass,38,4,7.42,0
69,Joe Burrow,2024-W3,2023-09-15,20,TE,1,turf,61,1,1.21,0
69,Joe Burrow,2024-W4,2023-09-22,77,TE,1,grass,79,5,6.57,0
69,Joe Burrow,2024-W5,2023-09-29,51,LB,1,turf,76,0,6.92,0
69,Joe Burrow,2024-W6,2023-10-06,52,QB,0,grass,43,5,5.52,0
69,Joe Burrow,2024-W7,2023-10-13,70,LB,0,grass,56,0,6.34,0
69,Joe Burrow,2024-W8,2023-10-20,36,TE,0,turf,37,5,7.19,0
69,Joe Burrow,2024-W9,2023-10-27,76,CB,0,grass,81,4,8.69,0
69,Joe Burrow,2024-W10,2023-11-03,71,LB,0,grass,74,4,4.22,0
70,Jalen Ramsey,2024-W1,2023-09-01,21,LB,1,turf,52,5,4.94,0
70,Jalen Ramsey,2024-W2,2023-09-08,29,TE,0,turf,68,0,6.35,0
70,Jalen Ramsey,2024-W3,2023-09-15,61,TE,0,turf,73,5,3.77,0
70,Jalen Ramsey,2024-W4,2023-09-22,47,WR,0,grass,81,0,3.05,0
70,Jalen Ramsey,2024-W5,2023-09-29,52,WR,0,turf,74,1,5.5,0
70,Jalen Ramsey,2024-W6,2023-10-06,70,LB,1,grass,68,4,2.91,0
70,Jalen Ramsey,2024-W7,2023-10-13,67,LB,1,grass,87,4,3.71,0
70,Jalen Ramsey,2024-W8,2023-10-20,45,QB,0,grass,39,1,4.68,0
70,Jalen Ramsey,2024-W9,2023-10-27,68,WR,0,turf,83,4,6.57,0
70,Jalen Ramsey,2024-W10,2023-11-03,62,QB,0,grass,37,4,8.17,0
71,Stefon Diggs,2024-W1,2023-09-01,72,WR,1,turf,94,0,7.33,1
71,Stefon Diggs,2024-W2,2023-09-08,75,QB,0,grass,56,0,7.65,0
71,Stefon Diggs,2024-W3,2023-09-15,70,TE,0,turf,75,5,8.16,0
71,Stefon Diggs,2024-W4,2023-09-22,60,LB,0,grass,45,4,5.59,0
71,Stefon Diggs,2024-W5,2023-09-29,65,CB,0,turf,52,2,3.71,0
71,Stefon Diggs,2024-W6,2023-10-06,27,CB,1,turf,81,0,4.15,0
71,Stefon Diggs,2024-W7,2023-10-13,59,TE,0,turf,86,0,5.43,0
71,Stefon Diggs,2024-W8,2023-10-20,32,LB,1,grass,54,4,6.21,0
71,Stefon Diggs,2024-W9,2023-10-27,78,RB,0,grass,53,2,2.99,0
71,Stefon Diggs,2024-W10,2023-11-03,78,CB,1,grass,94,3,2.56,0
72,Lamar Jackson,2024-W1,2023-09-01,30,RB,0,grass,66,2,7.72,0
72,Lamar Jackson,2024-W2,2023-09-08,68,QB,1,grass,94,1,4.69,0
72,Lamar Jackson,2024-W3,2023-09-15,75,QB,1,turf,43,1,7.91,1
72,Lamar Jackson,2024-W4,2023-09-22,58,RB,1,grass,69,4,11.0,0
72,Lamar Jackson,2024-W5,2023-09-29,38,TE,0,grass,41,3,5.8,0
72,Lamar Jackson,2024-W6,2023-10-06,48,RB,0,turf,57,2,5.26,0
72,Lamar Jackson,2024-W7,2023-10-13,40,RB,1,turf,71,4,3.43,0
72,Lamar Jackson,2024-W8,2023-10-20,61,LB,0,grass,88,2,6.3,0
72,Lamar Jackson,2024-W9,2023-10-27,76,LB,0,turf,64,5,5.53,0
72,Lamar Jackson,2024-W10,2023-11-03,34,QB,1,turf,84,3,7.3,0
73,George Kittle,2024-W1,2023-09-01,70,RB,0,turf,66,0,7.35,0
73,George Kittle,2024-W2,2023-09-08,66,WR,1,grass,64,4,3.3,0
73,George Kittle,2024-W3,2023-09-15,20,CB,0,turf,62,4,3.47,0
73,George Kittle,2024-W4,2023-09-22,55,CB,1,grass,87,3,6.9,0
73,George Kittle,2024-W5,2023-09-29,51,CB,1,turf,92,4,4.22,0
73,George Kittle,2024-W6,2023-10-06,27,QB,0,grass,56,5,6.41,0
73,George Kittle,2024-W7,2023-10-13,40,WR,0,grass,94,5,3.03,0
73,George Kittle,2024-W8,2023-10-20,75,CB,0,turf,74,4,7.83,0
73,George Kittle,2024-W9,2023-10-27,26,LB,1,turf,36,2,6.68,0
73,George Kittle,2024-W10,2023-11-03,57,WR,1,turf,77,4,7.29,0
74,Micah Parsons,2024-W1,2023-09-01,50,WR,1,grass,44,2,5.31,0
74,Micah Parsons,2024-W2,2023-09-08,68,WR,1,grass,93,4,4.49,0
74,Micah Parsons,2024-W3,2023-09-15,70,CB,0,turf,94,4,6.74,0
74,Micah Parsons,2024-W4,2023-09-22,51,TE,1,grass,49,2,8.16,0
74,Micah Parsons,2024-W5,2023-09-29,77,WR,0,turf,39,4,2.2,0
74,Micah Parsons,2024-W6,2023-10-06,23,LB,0,grass,53,2,2.55,0
74,Micah Parsons,2024-W7,2023-10-13,21,RB,0,grass,59,3,7.61,0
74,Micah Parsons,2024-W8,2023-10-20,30,CB,1,grass,62,4,5.9,0
74,Micah Parsons,2024-W9,2023-10-27,78,LB,0,grass,46,1,7.74,0
74,Micah Parsons,2024-W10,2023-11-03,39,CB,0,turf,45,2,6.6,0
75,Patrick Mahomes,2024-W1,2023-09-01,37,WR,0,turf,52,2,5.5,0
75,Patrick Mahomes,2024-W2,2023-09-08,60,WR,0,grass,75,5,2.95,0
75,Patrick Mahomes,2024-W3,2023-09-15,29,CB,0,grass,41,3,2.83,0
75,Patrick Mahomes,2024-W4,2023-09-22,41,CB,1,grass,51,4,4.72,0
75,Patrick Mahomes,2024-W5,2023-09-29,65,CB,1,turf,84,0,8.61,0
75,Patrick Mahomes,2024-W6,2023-10-06,31,CB,1,turf,72,2,7.21,0
75,Patrick Mahomes,2024-W7,2023-10-13,47,RB,1,grass,47,1,2.19,0
75,Patrick Mahomes,2024-W8,2023-10-20,55,CB,1,grass,42,3,6.58,0
75,Patrick Mahomes,2024-W9,2023-10-27,59,WR,1,turf,42,4,3.89,0
75,Patrick Mahomes,2024-W10,2023-11-03,39,TE,0,turf,80,5,5.2,0
76,Derrick Henry,2024-W1,2023-09-01,62,LB,0,grass,90,2,3.71,0
76,Derrick Henry,2024-W2,2023-09-08,28,WR,0,turf,71,1,7.49,0
76,Derrick Henry,2024-W3,2023-09-15,36,QB,1,grass,65,4,5.14,0
76,Derrick Henry,2024-W4,2023-09-22,58,LB,0,turf,83,0,4.53,0
76,Derrick Henry,2024-W5,2023-09-29,61,CB,0,grass,80,2,4.71,0
76,Derrick Henry,2024-W6,2023-10-06,77,RB,0,turf,84,5,8.23,0
76,Derrick Henry,2024-W7,2023-10-13,43,RB,1,turf,49,4,6.17,0
76,Derrick Henry,2024-W8,2023-10-20,76,TE,1,grass,74,2,5.54,0
76,Derrick Henry,2024-W9,2023-10-27,65,LB,1,turf,94,1,3.96,0
76,Derrick Henry,2024-W10,2023-11-03,32,TE,0,turf,56,3,2.91,0
77,Tyreek Hill,2024-W1,2023-09-01,50,RB,1,turf,58,5,1.66,0
77,Tyreek Hill,2024-W2,2023-09-08,47,CB,1,turf,39,5,5.2,0
77,Tyreek Hill,2024-W3,2023-09-15,29,CB,1,grass,78,3,3.81,0
77,Tyreek Hill,2024-W4,2023-09-22,74,RB,0,grass,76,4,5.45,0
77,Tyreek Hill,2024-W5,2023-09-29,75,RB,0,turf,47,0,9.17,0
77,Tyreek Hill,2024-W6,2023-10-06,59,QB,0,turf,49,4,7.13,0
77,Tyreek Hill,2024-W7,2023-10-13,36,QB,1,turf,60,2,0.41,0
77,Tyreek Hill,2024-W8,2023-10-20,28,TE,1,turf,53,3,9.47,0
77,Tyreek Hill,2024-W9,2023-10-27,26,QB,0,turf,52,3,6.37,0
77,Tyreek Hill,2024-W10,2023-11-03,59,LB,0,grass,83,4,0.25,0
78,Travis Kelce,2024-W1,2023-09-01,25,WR,0,grass,94,1,4.97,0
78,Travis Kelce,2024-W2,2023-09-08,79,QB,0,turf,93,5,7.51,0
78,Travis Kelce,2024-W3,2023-09-15,57,TE,0,turf,37,3,0.35,0
78,Travis Kelce,2024-W4,2023-09-22,35,CB,1,grass,72,5,4.99,0
78,Travis Kelce,2024-W5,2023-09-29,76,CB,1,turf,69,1,4.06,0
78,Travis Kelce,2024-W6,2023-10-06,68,WR,0,grass,39,5,5.04,0
78,Travis Kelce,2024-W7,2023-10-13,71,QB,0,grass,65,5,10.46,0
78,Travis Kelce,2024-W8,2023-10-20,41,TE,0,grass,76,1,10.03,0
78,Travis Kelce,2024-W9,2023-10-27,68,TE,1,grass,51,5,6.27,0
78,Travis Kelce,2024-W10,2023-11-03,32,QB,1,turf,42,1,2.17,0
79,Aaron Donald,2024-W1,2023-09-01,46,LB,0,turf,42,2,6.08,0
79,Aaron Donald,2024-W2,2023-09-08,58,LB,0,turf,59,4,5.13,0
79,Aaron Donald,2024-W3,2023-09-15,35,RB,1,turf,51,5,7.84,0
79,Aaron Donald,2024-W4,2023-09-22,32,WR,0,turf,55,0,4.77,0
79,Aaron Donald,2024-W5,2023-09-29,59,WR,1,grass,43,3,6.52,0
79,Aaron Donald,2024-W6,2023-10-06,42,TE,1,grass,91,3,13.35,0
79,Aaron Donald,2024-W7,2023-10-13,28,CB,0,grass,78,2,3.95,0
79,Aaron Donald,2024-W8,2023-10-20,51,TE,0,grass,48,0,6.89,0
79,Aaron Donald,2024-W9,2023-10-27,76,WR,1,turf,35,2,4.6,0
79,Aaron Donald,2024-W10,2023-11-03,30,WR,0,grass,67,1,8.01,0
80,Davante Adams,2024-W1,2023-09-01,48,LB,0,turf,57,5,2.63,0
80,Davante Adams,2024-W2,2023-09-08,64,WR,1,turf,75,0,3.39,0
80,Davante Adams,2024-W3,2023-09-15,54,WR,0,turf,83,4,5.68,0
80,Davante Adams,2024-W4,2023-09-22,38,TE,0,grass,40,2,6.0,0
80,Davante Adams,2024-W5,2023-09-29,75,CB,1,turf,72,4,6.16,0
80,Davante Adams,2024-W6,2023-10-06,45,QB,0,turf,92,4,6.57,0
80,Davante Adams,2024-W7,2023-10-13,71,RB,1,grass,75,3,3.32,0
80,Davante Adams,2024-W8,2023-10-20,59,WR,1,grass,76,1,2.94,0
80,Davante Adams,2024-W9,2023-10-27,67,QB,0,turf,42,1,3.31,0
80,Davante Adams,2024-W10,2023-11-03,33,LB,0,grass,68,2,6.1,0
81,Josh Allen,2024-W1,2023-09-01,77,CB,1,turf,43,1,2.87,0
81,Josh Allen,2024-W2,2023-09-08,38,WR,1,grass,37,1,7.21,0
81,Josh Allen,2024-W3,2023-09-15,46,QB,0,grass,46,0,3.6,0
81,Josh Allen,2024-W4,2023-09-22,53,RB,1,turf,57,3,8.99,0
81,Josh Allen,2024-W5,2023-09-29,42,QB,1,grass,36,5,5.79,0
81,Josh Allen,2024-W6,2023-10-06,39,QB,1,turf,55,5,6.73,0
81,Josh Allen,2024-W7,2023-10-13,52,TE,1,grass,49,1,7.06,0
81,Josh Allen,2024-W8,2023-10-20,65,QB,0,turf,91,1,2.25,0
81,Josh Allen,2024-W9,2023-10-27,24,CB,0,grass,82,3,7.2,0
81,Josh Allen,2024-W10,2023-11-03,37,LB,1,grass,56,2,8.0,0
82,Nick Bosa,2024-W1,2023-09-01,59,RB,1,grass,86,0,5.14,0
82,Nick Bosa,2024-W2,2023-09-08,24,RB,0,grass,89,4,4.89,0
82,Nick Bosa,2024-W3,2023-09-15,75,WR,0,turf,63,4,5.8,0
82,Nick Bosa,2024-W4,2023-09-22,20,TE,0,turf,45,3,4.14,0
82,Nick Bosa,2024-W5,2023-09-29,63,TE,0,turf,47,2,6.29,0
82,Nick Bosa,2024-W6,2023-10-06,73,TE,1,turf,43,1,8.68,1
82,Nick Bosa,2024-W7,2023-10-13,40,RB,0,grass,86,0,4.67,0
82,Nick Bosa,2024-W8,2023-10-20,59,LB,0,grass,35,0,9.28,0
82,Nick Bosa,2024-W9,2023-10-27,61,CB,1,grass,49,0,4.52,0
82,Nick Bosa,2024-W10,2023-11-03,36,QB,1,turf,47,0,6.34,0
83,Justin Jefferson,2024-W1,2023-09-01,57,QB,1,turf,79,5,2.92,0
83,Justin Jefferson,2024-W2,2023-09-08,27,LB,0,turf,61,4,6.03,0
83,Justin Jefferson,2024-W3,2023-09-15,68,LB,1,grass,94,5,4.43,0
83,Justin Jefferson,2024-W4,2023-09-22,42,QB,1,turf,81,4,5.95,0
83,Justin Jefferson,2024-W5,2023-09-29,45,TE,1,turf,93,1,5.62,0
83,Justin Jefferson,2024-W6,2023-10-06,33,CB,0,grass,78,2,6.39,0
83,Justin Jefferson,2024-W7,2023-10-13,62,TE,0,grass,69,2,6.97,0
83,Justin Jefferson,2024-W8,2023-10-20,77,TE,1,turf,51,2,3.32,0
83,Justin Jefferson,2024-W9,2023-10-27,69,QB,0,turf,70,4,10.17,0
83,Justin Jefferson,2024-W10,2023-11-03,56,CB,1,turf,93,3,9.41,0
84,Joe Burrow,2024-W1,2023-09-01,35,CB,1,grass,60,3,9.2,0
84,Joe Burrow,2024-W2,2023-09-08,22,CB,1,turf,49,2,5.82,0
84,Joe Burrow,2024-W3,2023-09-15,50,QB,0,grass,36,3,5.95,0
84,Joe Burrow,2024-W4,2023-09-22,76,WR,1,turf,72,1,6.89,1
84,Joe Burrow,2024-W5,2023-09-29,69,LB,0,grass,73,3,7.4,0
84,Joe Burrow,2024-W6,2023-10-06,42,LB,1,turf,90,1,5.23,0
84,Joe Burrow,2024-W7,2023-10-13,65,TE,1,grass,57,5,6.81,0
84,Joe Burrow,2024-W8,2023-10-20,59,RB,1,grass,71,1,4.55,0
84,Joe Burrow,2024-W9,2023-10-27,39,CB,1,turf,93,2,6.58,0
84,Joe Burrow,2024-W10,2023-11-03,51,TE,0,turf,51,0,7.16,0
85,Jalen Ramsey,2024-W1,2023-09-01,38,LB,1,turf,90,5,3.36,0
85,Jalen Ramsey,2024-W2,2023-09-08,41,WR,0,grass,76,2,5.15,0
85,Jalen Ramsey,2024-W3,2023-09-15,28,TE,1,grass,48,0,1.96,0
85,Jalen Ramsey,2024-W4,2023-09-22,28,RB,0,grass,81,4,4.25,0
85,Jalen Ramsey,2024-W5,2023-09-29,66,TE,1,grass,64,0,4.84,0
85,Jalen Ramsey,2024-W6,2023-10-06,67,QB,1,turf,76,0,4.82,0
85,Jalen Ramsey,2024-W7,2023-10-13,65,RB,1,grass,75,0,7.6,0
85,Jalen Ramsey,2024-W8,2023-10-20,53,RB,0,grass,45,4,8.81,0
85,Jalen Ramsey,2024-W9,2023-10-27,40,CB,0,grass,89,0,6.48,0
85,Jalen Ramsey,2024-W10,2023-11-03,31,QB,1,turf,88,2,4.78,0
86,Stefon Diggs,2024-W1,2023-09-01,30,QB,0,turf,69,4,4.12,0
86,Stefon Diggs,2024-W2,2023-09-08,66,RB,1,turf,47,3,7.59,0
86,Stefon Diggs,2024-W3,2023-09-15,58,CB,1,turf,93,2,3.46,0
86,Stefon Diggs,2024-W4,2023-09-22,26,CB,0,turf,94,3,7.37,0
86,Stefon Diggs,2024-W5,2023-09-29,32,CB,0,grass,51,3,5.28,0
86,Stefon Diggs,2024-W6,2023-10-06,48,TE,0,turf,57,5,3.71,0
86,Stefon Diggs,2024-W7,2023-10-13,29,LB,1,turf,71,4,3.42,0
86,Stefon Diggs,2024-W8,2023-10-20,65,TE,0,grass,76,4,2.24,0
86,Stefon Diggs,2024-W9,2023-10-27,56,WR,0,turf,63,3,3.83,0
86,Stefon Diggs,2024-W10,2023-11-03,21,CB,1,turf,52,4,8.05,0
87,Lamar Jackson,2024-W1,2023-09-01,73,TE,1,grass,53,1,6.55,0
87,Lamar Jackson,2024-W2,2023-09-08,48,TE,1,turf,86,3,3.22,0
87,Lamar Jackson,2024-W3,2023-09-15,28,WR,0,turf,40,3,7.45,0
87,Lamar Jackson,2024-W4,2023-09-22,28,TE,1,turf,39,3,6.53,0
87,Lamar Jackson,2024-W5,2023-09-29,42,CB,0,grass,56,1,5.39,0
87,Lamar Jackson,2024-W6,2023-10-06,50,TE,0,turf,64,2,4.57,0
87,Lamar Jackson,2024-W7,2023-10-13,76,LB,0,grass,53,4,4.77,0
87,Lamar Jackson,2024-W8,2023-10-20,29,RB,1,turf,58,0,8.5,0
87,Lamar Jackson,2024-W9,2023-10-27,51,CB,0,grass,65,2,4.18,0
87,Lamar Jackson,2024-W10,2023-11-03,40,TE,0,turf,81,1,4.72,0
88,George Kittle,2024-W1,2023-09-01,31,QB,0,grass,62,0,7.85,0
88,George Kittle,2024-W2,2023-09-08,26,RB,1,turf,38,3,6.77,0
88,George Kittle,2024-W3,2023-09-15,38,RB,0,turf,84,2,3.49,0
88,George Kittle,2024-W4,2023-09-22,51,LB,1,turf,76,0,4.81,0
88,George Kittle,2024-W5,2023-09-29,32,QB,1,turf,81,4,3.17,0
88,George Kittle,2024-W6,2023-10-06,76,TE,1,grass,61,0,6.72,0
88,George Kittle,2024-W7,2023-10-13,35,RB,1,turf,59,1,3.5,0
88,George Kittle,2024-W8,2023-10-20,45,QB,1,turf,91,1,5.03,0
88,George Kittle,2024-W9,2023-10-27,67,TE,0,turf,36,0,7.89,0
88,George Kittle,2024-W10,2023-11-03,73,WR,1,grass,91,5,7.34,0
89,Micah Parsons,2024-W1,2023-09-01,21,LB,0,turf,71,3,6.93,0
89,Micah Parsons,2024-W2,2023-09-08,56,RB,1,turf,68,1,1.29,0
89,Micah Parsons,2024-W3,2023-09-15,31,CB,1,turf,70,4,5.96,0
89,Micah Parsons,2024-W4,2023-09-22,35,LB,1,turf,59,0,1.78,0
89,Micah Parsons,2024-W5,2023-09-29,64,TE,1,turf,72,2,7.18,0
89,Micah Parsons,2024-W6,2023-10-06,35,WR,0,turf,55,2,3.88,0
89,Micah Parsons,2024-W7,2023-10-13,33,CB,1,turf,50,0,6.83,0
89,Micah Parsons,2024-W8,2023-10-20,26,CB,1,grass,78,0,9.38,0
89,Micah Parsons,2024-W9,2023-10-27,60,CB,0,turf,68,4,5.07,0
89,Micah Parsons,2024-W10,2023-11-03,59,WR,1,grass,77,0,3.75,0
90,Patrick Mahomes,2024-W1,2023-09-01,72,WR,0,turf,53,5,5.55,0
90,Patrick Mahomes,2024-W2,2023-09-08,59,LB,0,turf,69,4,4.9,0
90,Patrick Mahomes,2024-W3,2023-09-15,28,LB,1,grass,59,5,4.42,0
90,Patrick Mahomes,2024-W4,2023-09-22,20,TE,1,grass,66,2,2.81,0
90,Patrick Mahomes,2024-W5,2023-09-29,58,CB,1,grass,63,5,8.05,0
90,Patrick Mahomes,2024-W6,2023-10-06,77,LB,0,grass,51,1,6.18,0
90,Patrick Mahomes,2024-W7,2023-10-13,48,TE,1,turf,63,2,8.2,0
90,Patrick Mahomes,2024-W8,2023-10-20,24,WR,1,turf,54,4,3.97,0
90,Patrick Mahomes,2024-W9,2023-10-27,39,QB,0,turf,85,5,6.86,0
90,Patrick Mahomes,2024-W10,2023-11-03,76,CB,1,turf,81,4,7.69,0
91,Derrick Henry,2024-W1,2023-09-01,64,CB,0,grass,42,3,7.98,0
91,Derrick Henry,2024-W2,2023-09-08,70,RB,0,grass,47,3,10.87,0
91,Derrick Henry,2024-W3,2023-09-15,28,TE,1,grass,82,2,7.86,0
91,Derrick Henry,2024-W4,2023-09-22,33,WR,1,turf,61,2,10.06,0
91,Derrick Henry,2024-W5,2023-09-29,57,RB,0,grass,40,5,8.88,0
91,Derrick Henry,2024-W6,2023-10-06,47,QB,0,turf,42,2,7.68,0
91,Derrick Henry,2024-W7,2023-10-13,71,CB,0,turf,41,2,7.52,0
91,Derrick Henry,2024-W8,2023-10-20,31,WR,0,grass,71,5,7.0,0
91,Derrick Henry,2024-W9,2023-10-27,72,QB,0,grass,88,5,7.95,0
91,Derrick Henry,2024-W10,2023-11-03,30,QB,0,turf,92,2,3.15,0
92,Tyreek Hill,2024-W1,2023-09-01,47,CB,0,grass,79,1,6.36,0
92,Tyreek Hill,2024-W2,2023-09-08,45,QB,1,grass,53,0,5.65,0
92,Tyreek Hill,2024-W3,2023-09-15,55,CB,1,grass,64,3,3.19,0
92,Tyreek Hill,2024-W4,2023-09-22,34,CB,1,grass,85,5,2.13,0
92,Tyreek Hill,2024-W5,2023-09-29,61,WR,0,grass,88,3,3.56,0
92,Tyreek Hill,2024-W6,2023-10-06,44,RB,0,turf,51,1,1.01,0
92,Tyreek Hill,2024-W7,2023-10-13,68,QB,1,turf,91,4,3.82,0
92,Tyreek Hill,2024-W8,2023-10-20,79,RB,1,grass,38,2,4.49,0
92,Tyreek Hill,2024-W9,2023-10-27,73,RB,1,grass,41,5,3.96,0
92,Tyreek Hill,2024-W10,2023-11-03,27,LB,1,grass,70,1,4.98,0
93,Travis Kelce,2024-W1,2023-09-01,71,WR,0,grass,66,5,4.96,0
93,Travis Kelce,2024-W2,2023-09-08,48,WR,0,grass,93,3,4.92,0
93,Travis Kelce,2024-W3,2023-09-15,56,QB,0,turf,80,1,6.05,0
93,Travis Kelce,2024-W4,2023-09-22,49,CB,1,grass,36,3,-1.18,0
93,Travis Kelce,2024-W5,2023-09-29,31,CB,1,turf,60,4,6.69,0
93,Travis Kelce,2024-W6,2023-10-06,77,RB,0,turf,79,5,3.47,0
93,Travis Kelce,2024-W7,2023-10-13,25,TE,1,turf,56,2,10.77,0
93,Travis Kelce,2024-W8,2023-10-20,56,CB,0,turf,67,1,6.56,0
93,Travis Kelce,2024-W9,2023-10-27,56,TE,1,turf,61,0,6.22,0
93,Travis Kelce,2024-W10,2023-11-03,72,RB,1,grass,87,3,2.55,0
94,Aaron Donald,2024-W1,2023-09-01,73,RB,0,grass,77,1,2.91,0
94,Aaron Donald,2024-W2,2023-09-08,52,TE,0,grass,92,2,4.44,0
94,Aaron Donald,2024-W3,2023-09-15,23,WR,1,turf,83,1,6.01,0
94,Aaron Donald,2024-W4,2023-09-22,63,CB,1,grass,89,0,8.27,0
94,Aaron Donald,2024-W5,2023-09-29,40,WR,1,grass,48,3,5.03,0
94,Aaron Donald,2024-W6,2023-10-06,68,QB,1,grass,56,4,5.42,0
94,Aaron Donald,2024-W7,2023-10-13,42,LB,1,grass,66,2,6.89,0
94,Aaron Donald,2024-W8,2023-10-20,34,LB,0,grass,37,2,3.22,0
94,Aaron Donald,2024-W9,2023-10-27,29,TE,0,grass,69,5,7.56,0
94,Aaron Donald,2024-W10,2023-11-03,48,WR,0,turf,42,1,4.83,0
95,Davante Adams,2024-W1,2023-09-01,39,TE,0,grass,37,4,7.61,0
95,Davante Adams,2024-W2,2023-09-08,22,QB,1,turf,47,4,11.0,0
95,Davante Adams,2024-W3,2023-09-15,76,CB,1,grass,56,0,4.68,0
95,Davante Adams,2024-W4,2023-09-22,62,CB,1,turf,83,0,5.76,0
95,Davante Adams,2024-W5,2023-09-29,69,TE,0,grass,94,1,7.07,0
95,Davante Adams,2024-W6,2023-10-06,55,QB,0,grass,40,4,7.73,0
95,Davante Adams,2024-W7,2023-10-13,62,QB,1,turf,47,2,3.92,0
95,Davante Adams,2024-W8,2023-10-20,79,QB,1,grass,90,2,5.7,0
95,Davante Adams,2024-W9,2023-10-27,51,QB,1,turf,54,3,3.48,0
95,Davante Adams,2024-W10,2023-11-03,53,WR,1,turf,40,5,4.47,0
96,Josh Allen,2024-W1,2023-09-01,64,LB,0,grass,54,5,2.98,0
96,Josh Allen,2024-W2,2023-09-08,29,LB,1,grass,46,4,6.51,0
96,Josh Allen,2024-W3,2023-09-15,69,QB,0,grass,53,2,7.89,0
96,Josh Allen,2024-W4,2023-09-22,33,CB,0,turf,58,0,3.27,0
96,Josh Allen,2024-W5,2023-09-29,20,WR,0,grass,56,5,6.56,0
96,Josh Allen,2024-W6,2023-10-06,47,TE,1,grass,67,2,4.46,0
96,Josh Allen,2024-W7,2023-10-13,47,WR,1,grass,83,4,3.91,0
96,Josh Allen,2024-W8,2023-10-20,54,CB,0,turf,57,3,6.35,0
96,Josh Allen,2024-W9,2023-10-27,73,CB,1,turf,82,2,3.5,0
96,Josh Allen,2024-W10,2023-11-03,63,CB,0,turf,74,4,4.93,0
97,Nick Bosa,2024-W1,2023-09-01,44,QB,0,turf,57,2,5.1,0
97,Nick Bosa,2024-W2,2023-09-08,42,CB,0,grass,52,0,9.64,0
97,Nick Bosa,2024-W3,2023-09-15,40,QB,0,grass,61,4,4.43,0
97,Nick Bosa,2024-W4,2023-09-22,26,RB,1,turf,61,5,6.93,0
97,Nick Bosa,2024-W5,2023-09-29,46,QB,0,grass,91,4,6.87,0
97,Nick Bosa,2024-W6,2023-10-06,32,QB,0,turf,71,5,8.43,0
97,Nick Bosa,2024-W7,2023-10-13,72,TE,0,turf,75,1,1.82,0
97,Nick Bosa,2024-W8,2023-10-20,57,CB,0,grass,48,1,5.44,0
97,Nick Bosa,2024-W9,2023-10-27,59,WR,0,grass,69,0,5.97,0
97,Nick Bosa,2024-W10,2023-11-03,68,TE,0,turf,79,2,3.99,0
98,Justin Jefferson,2024-W1,2023-09-01,20,TE,0,grass,83,3,5.96,0
98,Justin Jefferson,2024-W2,2023-09-08,35,RB,0,grass,57,2,3.54,0
98,Justin Jefferson,2024-W3,2023-09-15,44,CB,0,grass,35,1,4.36,0
98,Justin Jefferson,2024-W4,2023-09-22,63,RB,1,grass,79,5,3.92,0
98,Justin Jefferson,2024-W5,2023-09-29,40,RB,1,turf,75,2,2.52,0
98,Justin Jefferson,2024-W6,2023-10-06,79,TE,0,grass,65,3,5.69,0
98,Justin Jefferson,2024-W7,2023-10-13,59,QB,0,grass,60,3,3.77,0
98,Justin Jefferson,2024-W8,2023-10-20,76,TE,0,grass,39,3,3.08,0
98,Justin Jefferson,2024-W9,2023-10-27,34,RB,0,turf,63,4,4.7,0
98,Justin Jefferson,2024-W10,2023-11-03,22,CB,1,grass,64,4,4.87,0
99,Joe Burrow,2024-W1,2023-09-01,30,WR,0,grass,76,4,4.71,0
99,Joe Burrow,2024-W2,2023-09-08,56,RB,1,turf,43,3,2.77,0
99,Joe Burrow,2024-W3,2023-09-15,26,RB,1,turf,94,4,5.14,0
99,Joe Burrow,2024-W4,2023-09-22,70,LB,0,grass,59,1,6.29,0
99,Joe Burrow,2024-W5,2023-09-29,39,TE,0,grass,79,1,5.35,0
99,Joe Burrow,2024-W6,2023-10-06,47,RB,0,turf,37,1,6.47,0
99,Joe Burrow,2024-W7,2023-10-13,54,RB,0,turf,54,4,4.5,0
99,Joe Burrow,2024-W8,2023-10-20,38,CB,0,turf,50,0,2.66,0
99,Joe Burrow,2024-W9,2023-10-27,23,QB,1,grass,69,5,2.48,0
99,Joe Burrow,2024-W10,2023-11-03,44,CB,1,grass,42,1,3.19,0
100,Jalen Ramsey,2024-W1,2023-09-01,47,TE,0,turf,51,4,4.37,0
100,Jalen Ramsey,2024-W2,2023-09-08,43,RB,0,turf,63,5,6.35,0
100,Jalen Ramsey,2024-W3,2023-09-15,44,QB,1,turf,45,1,3.9,0
100,Jalen Ramsey,2024-W4,2023-09-22,47,WR,0,turf,48,2,3.38,0
100,Jalen Ramsey,2024-W5,2023-09-29,45,LB,1,turf,73,5,7.39,0
100,Jalen Ramsey,2024-W6,2023-10-06,26,QB,0,grass,63,5,4.09,0
100,Jalen Ramsey,2024-W7,2023-10-13,23,WR,0,grass,88,4,5.65,0
100,Jalen Ramsey,2024-W8,2023-10-20,46,CB,0,turf,57,0,5.2,0
100,Jalen Ramsey,2024-W9,2023-10-27,78,WR,1,grass,67,1,8.42,0
100,Jalen Ramsey,2024-W10,2023-11-03,78,QB,0,turf,39,2,1.81,0
101,Stefon Diggs,2024-W1,2023-09-01,71,CB,0,turf,48,4,3.94,0
101,Stefon Diggs,2024-W2,2023-09-08,37,RB,1,turf,84,5,4.65,0
101,Stefon Diggs,2024-W3,2023-09-15,46,RB,1,grass,42,2,7.42,0
101,Stefon Diggs,2024-W4,2023-09-22,53,LB,1,turf,64,3,6.18,0
101,Stefon Diggs,2024-W5,2023-09-29,68,LB,0,turf,49,3,2.93,0
101,Stefon Diggs,2024-W6,2023-10-06,37,CB,0,grass,89,4,5.72,0
101,Stefon Diggs,2024-W7,2023-10-13,44,CB,1,turf,61,5,0.26,0
101,Stefon Diggs,2024-W8,2023-10-20,44,CB,0,turf,55,4,2.71,0
101,Stefon Diggs,2024-W9,2023-10-27,72,CB,0,grass,50,1,3.51,0
101,Stefon Diggs,2024-W10,2023-11-03,36,RB,0,turf,38,4,9.15,0
102,Lamar Jackson,2024-W1,2023-09-01,58,RB,1,turf,51,0,7.09,0
102,Lamar Jackson,2024-W2,2023-09-08,35,WR,0,grass,74,0,5.26,0
102,Lamar Jackson,2024-W3,2023-09-15,24,RB,0,turf,43,2,4.07,0
102,Lamar Jackson,2024-W4,2023-09-22,57,WR,1,grass,52,0,6.54,0
102,Lamar Jackson,2024-W5,2023-09-29,52,QB,1,turf,38,4,3.03,0
102,Lamar Jackson,2024-W6,2023-10-06,51,QB,1,turf,75,3,2.52,0
102,Lamar Jackson,2024-W7,2023-10-13,79,CB,1,turf,68,1,8.01,1
102,Lamar Jackson,2024-W8,2023-10-20,32,QB,0,grass,73,4,4.6,0
102,Lamar Jackson,2024-W9,2023-10-27,61,QB,0,turf,57,5,6.05,0
102,Lamar Jackson,2024-W10,2023-11-03,75,RB,1,grass,74,5,5.46,0
103,George Kittle,2024-W1,2023-09-01,41,RB,0,turf,80,0,3.55,0
103,George Kittle,2024-W2,2023-09-08,78,TE,1,grass,90,2,8.11,0
103,George Kittle,2024-W3,2023-09-15,25,TE,1,grass,72,0,2.82,0
103,George Kittle,2024-W4,2023-09-22,41,QB,0,turf,69,5,5.82,0
103,George Kittle,2024-W5,2023-09-29,49,LB,1,grass,54,5,1.35,0
103,George Kittle,2024-W6,2023-10-06,53,QB,0,turf,82,1,5.33,0
103,George Kittle,2024-W7,2023-10-13,74,RB,0,turf,48,0,3.53,0
103,George Kittle,2024-W8,2023-10-20,76,TE,1,grass,84,4,7.48,0
103,George Kittle,2024-W9,2023-10-27,20,TE,0,grass,40,4,5.32,0
103,George Kittle,2024-W10,2023-11-03,40,LB,1,turf,93,4,2.92,0
104,Micah Parsons,2024-W1,2023-09-01,73,RB,1,turf,35,3,4.22,0
104,Micah Parsons,2024-W2,2023-09-08,34,RB,1,grass,38,5,3.72,0
104,Micah Parsons,2024-W3,2023-09-15,33,WR,1,turf,84,4,8.01,0
104,Micah Parsons,2024-W4,2023-09-22,41,QB,1,grass,88,4,5.1,0
104,Micah Parsons,2024-W5,2023-09-29,77,CB,0,turf,40,4,4.14,0
104,Micah Parsons,2024-W6,2023-10-06,46,RB,0,grass,70,4,3.85,0
104,Micah Parsons,2024-W7,2023-10-13,74,WR,0,grass,36,1,8.13,0
104,Micah Parsons,2024-W8,2023-10-20,45,WR,0,grass,57,4,4.37,0
104,Micah Parsons,2024-W9,2023-10-27,53,QB,0,grass,57,2,6.58,0
104,Micah Parsons,2024-W10,2023-11-03,62,QB,0,grass,48,3,7.29,0
105,Patrick Mahomes,2024-W1,2023-09-01,51,CB,0,turf,41,1,7.98,0
105,Patrick Mahomes,2024-W2,2023-09-08,79,QB,0,turf,85,1,6.26,0
105,Patrick Mahomes,2024-W3,2023-09-15,70,TE,1,turf,75,5,4.53,0
105,Patrick Mahomes,2024-W4,2023-09-22,65,WR,1,turf,36,3,6.57,0
105,Patrick Mahomes,2024-W5,2023-09-29,69,LB,0,grass,57,3,4.77,0
105,Patrick Mahomes,2024-W6,2023-10-06,56,WR,0,turf,75,4,5.2,0
105,Patrick Mahomes,2024-W7,2023-10-13,43,CB,1,grass,51,4,4.86,0
105,Patrick Mahomes,2024-W8,2023-10-20,79,CB,1,grass,38,0,7.66,0
105,Patrick Mahomes,2024-W9,2023-10-27,36,LB,1,turf,64,1,6.14,0
105,Patrick Mahomes,2024-W10,2023-11-03,74,LB,1,turf,79,0,8.81,1
106,Derrick Henry,2024-W1,2023-09-01,37,RB,1,turf,71,4,3.31,0
106,Derrick Henry,2024-W2,2023-09-08,68,LB,0,turf,52,2,2.55,0
106,Derrick Henry,2024-W3,2023-09-15,39,WR,1,grass,47,2,2.43,0
106,Derrick Henry,2024-W4,2023-09-22,38,RB,1,turf,59,1,5.11,0
106,Derrick Henry,2024-W5,2023-09-29,45,CB,1,grass,52,4,1.88,0
106,Derrick Henry,2024-W6,2023-10-06,31,QB,1,grass,37,2,6.47,0
106,Derrick Henry,2024-W7,2023-10-13,68,RB,0,turf,86,3,5.82,0
106,Derrick Henry,2024-W8,2023-10-20,65,TE,1,turf,88,5,6.64,0
106,Derrick Henry,2024-W9,2023-10-27,20,QB,0,turf,88,1,3.44,0
106,Derrick Henry,2024-W10,2023-11-03,25,TE,1,grass,75,5,10.3,0
107,Tyreek Hill,2024-W1,2023-09-01,62,RB,1,turf,41,0,5.27,0
107,Tyreek Hill,2024-W2,2023-09-08,22,TE,1,grass,60,2,8.83,0
107,Tyreek Hill,2024-W3,2023-09-15,21,CB,1,turf,83,3,5.58,0
107,Tyreek Hill,2024-W4,2023-09-22,33,CB,1,turf,60,4,6.6,0
107,Tyreek Hill,2024-W5,2023-09-29,47,TE,1,turf,76,0,2.73,0
107,Tyreek Hill,2024-W6,2023-10-06,36,CB,1,turf,36,3,3.14,0
107,Tyreek Hill,2024-W7,2023-10-13,39,WR,1,grass,89,3,7.07,0
107,Tyreek Hill,2024-W8,2023-10-20,33,WR,1,turf,80,5,6.39,0
107,Tyreek Hill,2024-W9,2023-10-27,32,TE,1,turf,46,3,6.26,0
107,Tyreek Hill,2024-W10,2023-11-03,70,WR,1,turf,61,4,7.96,0
108,Travis Kelce,2024-W1,2023-09-01,62,LB,1,grass,93,4,4.94,0
108,Travis Kelce,2024-W2,2023-09-08,77,LB,0,grass,71,0,2.94,0
108,Travis Kelce,2024-W3,2023-09-15,34,WR,0,turf,51,1,5.31,0
108,Travis Kelce,2024-W4,2023-09-22,30,CB,1,turf,58,4,5.02,0
108,Travis Kelce,2024-W5,2023-09-29,54,CB,0,turf,44,3,8.13,0
108,Travis Kelce,2024-W6,2023-10-06,36,QB,0,turf,65,2,5.76,0
108,Travis Kelce,2024-W7,2023-10-13,20,TE,0,turf,76,4,7.57,0
108,Travis Kelce,2024-W8,2023-10-20,76,TE,1,grass,53,1,7.52,0
108,Travis Kelce,2024-W9,2023-10-27,31,QB,1,turf,40,4,7.73,0
108,Travis Kelce,2024-W10,2023-11-03,31,QB,1,turf,92,2,8.52,0
109,Aaron Donald,2024-W1,2023-09-01,79,LB,1,turf,55,3,7.17,0
109,Aaron Donald,2024-W2,2023-09-08,61,TE,0,turf,82,5,4.02,0
109,Aaron Donald,2024-W3,2023-09-15,69,LB,1,grass,78,1,2.47,0
109,Aaron Donald,2024-W4,2023-09-22,45,CB,1,turf,78,5,3.9,0
109,Aaron Donald,2024-W5,2023-09-29,63,RB,0,turf,92,5,8.79,0
109,Aaron Donald,2024-W6,2023-10-06,43,WR,1,turf,42,4,6.22,0
109,Aaron Donald,2024-W7,2023-10-13,75,CB,0,grass,73,0,3.98,0
109,Aaron Donald,2024-W8,2023-10-20,76,TE,1,turf,82,1,5.25,0
109,Aaron Donald,2024-W9,2023-10-27,46,RB,1,grass,86,1,5.74,0
109,Aaron Donald,2024-W10,2023-11-03,30,RB,0,turf,74,5,4.15,0
110,Davante Adams,2024-W1,2023-09-01,42,LB,0,turf,41,0,4.54,0
110,Davante Adams,2024-W2,2023-09-08,52,LB,1,turf,69,2,6.89,0
110,Davante Adams,2024-W3,2023-09-15,69,LB,1,turf,80,5,4.14,0
110,Davante Adams,2024-W4,2023-09-22,63,LB,1,grass,86,0,4.86,0
110,Davante Adams,2024-W5,2023-09-29,30,RB,1,turf,70,0,8.7,0
110,Davante Adams,2024-W6,2023-10-06,23,RB,0,turf,71,5,7.1,0
110,Davante Adams,2024-W7,2023-10-13,38,RB,0,grass,88,0,5.16,0
110,Davante Adams,2024-W8,2023-10-20,76,RB,0,turf,39,1,3.78,0
110,Davante Adams,2024-W9,2023-10-27,49,CB,0,grass,63,2,5.89,0
110,Davante Adams,2024-W10,2023-11-03,77,TE,1,grass,78,3,7.79,0
111,Josh Allen,2024-W1,2023-09-01,37,LB,0,turf,46,1,4.67,0
111,Josh Allen,2024-W2,2023-09-08,42,CB,1,grass,66,4,7.39,0
111,Josh Allen,2024-W3,2023-09-15,32,LB,0,turf,86,4,3.67,0
111,Josh Allen,2024-W4,2023-09-22,34,RB,1,grass,41,3,3.22,0
111,Josh Allen,2024-W5,2023-09-29,51,WR,0,grass,82,3,5.17,0
111,Josh Allen,2024-W6,2023-10-06,30,TE,1,grass,71,4,8.74,0
111,Josh Allen,2024-W7,2023-10-13,40,LB,0,grass,61,4,4.92,0
111,Josh Allen,2024-W8,2023-10-20,23,LB,1,grass,78,3,4.78,0
111,Josh Allen,2024-W9,2023-10-27,45,LB,1,turf,67,3,0.39,0
111,Josh Allen,2024-W10,2023-11-03,71,CB,1,turf,69,4,5.78,0
112,Nick Bosa,2024-W1,2023-09-01,53,CB,1,grass,73,1,8.23,0
112,Nick Bosa,2024-W2,2023-09-08,30,RB,1,turf,87,0,5.4,0
112,Nick Bosa,2024-W3,2023-09-15,26,QB,1,grass,85,1,3.77,0
112,Nick Bosa,2024-W4,2023-09-22,73,WR,1,turf,88,3,2.25,0
112,Nick Bosa,2024-W5,2023-09-29,50,RB,1,turf,70,0,2.62,0
112,Nick Bosa,2024-W6,2023-10-06,56,WR,0,grass,87,1,4.45,0
112,Nick Bosa,2024-W7,2023-10-13,62,WR,1,grass,91,1,4.32,0
112,Nick Bosa,2024-W8,2023-10-20,60,LB,1,grass,62,1,8.34,0
112,Nick Bosa,2024-W9,2023-10-27,35,TE,1,grass,68,1,8.42,0
112,Nick Bosa,2024-W10,2023-11-03,36,WR,0,turf,69,5,3.17,0
113,Justin Jefferson,2024-W1,2023-09-01,61,CB,0,turf,83,5,3.74,0
113,Justin Jefferson,2024-W2,2023-09-08,68,WR,0,turf,41,1,9.1,0
113,Justin Jefferson,2024-W3,2023-09-15,68,CB,0,grass,65,2,7.82,0
113,Justin Jefferson,2024-W4,2023-09-22,68,TE,1,turf,91,4,5.59,0
113,Justin Jefferson,2024-W5,2023-09-29,34,WR,1,turf,64,3,8.74,0
113,Justin Jefferson,2024-W6,2023-10-06,68,CB,1,grass,84,3,5.19,0
113,Justin Jefferson,2024-W7,2023-10-13,68,TE,0,grass,90,3,5.0,0
113,Justin Jefferson,2024-W8,2023-10-20,42,CB,0,turf,49,3,6.14,0
113,Justin Jefferson,2024-W9,2023-10-27,35,LB,0,grass,51,1,6.39,0
113,Justin Jefferson,2024-W10,2023-11-03,64,RB,1,turf,70,3,7.49,0
114,Joe Burrow,2024-W1,2023-09-01,39,TE,0,grass,78,0,4.53,0
114,Joe Burrow,2024-W2,2023-09-08,53,RB,0,grass,44,1,3.57,0
114,Joe Burrow,2024-W3,2023-09-15,60,LB,0,grass,92,1,3.96,0
114,Joe Burrow,2024-W4,2023-09-22,70,LB,1,grass,62,0,2.94,0
114,Joe Burrow,2024-W5,2023-09-29,58,CB,0,turf,55,0,5.3,0
114,Joe Burrow,2024-W6,2023-10-06,59,CB,0,grass,53,3,3.28,0
114,Joe Burrow,2024-W7,2023-10-13,69,QB,0,turf,90,0,8.28,0
114,Joe Burrow,2024-W8,2023-10-20,55,RB,1,turf,65,5,6.15,0
114,Joe Burrow,2024-W9,2023-10-27,76,QB,0,turf,61,4,7.45,0
114,Joe Burrow,2024-W10,2023-11-03,24,LB,1,grass,40,0,5.74,0
115,Jalen Ramsey,2024-W1,2023-09-01,48,WR,1,grass,35,4,5.72,0
115,Jalen Ramsey,2024-W2,2023-09-08,60,WR,0,grass,79,5,4.25,0
115,Jalen Ramsey,2024-W3,2023-09-15,64,TE,1,turf,79,1,5.18,0
115,Jalen Ramsey,2024-W4,2023-09-22,32,QB,0,grass,51,4,6.36,0
115,Jalen Ramsey,2024-W5,2023-09-29,21,WR,0,turf,41,5,4.86,0
115,Jalen Ramsey,2024-W6,2023-10-06,66,RB,0,turf,70,2,5.55,0
115,Jalen Ramsey,2024-W7,2023-10-13,36,LB,0,turf,87,5,9.48,0
115,Jalen Ramsey,2024-W8,2023-10-20,55,LB,1,turf,59,4,10.06,0
115,Jalen Ramsey,2024-W9,2023-10-27,49,TE,1,turf,63,0,4.46,0
115,Jalen Ramsey,2024-W10,2023-11-03,24,RB,1,grass,53,3,4.9,0
116,Stefon Diggs,2024-W1,2023-09-01,37,QB,1,turf,45,2,5.38,0
116,Stefon Diggs,2024-W2,2023-09-08,54,CB,0,grass,79,3,5.14,0
116,Stefon Diggs,2024-W3,2023-09-15,39,QB,0,grass,79,0,4.39,0
116,Stefon Diggs,2024-W4,2023-09-22,51,CB,0,turf,56,1,4.68,0
116,Stefon Diggs,2024-W5,2023-09-29,67,CB,1,grass,62,1,7.21,0
116,Stefon Diggs,2024-W6,2023-10-06,37,TE,1,turf,65,5,6.21,0
116,Stefon Diggs,2024-W7,2023-10-13,53,TE,1,turf,72,2,7.5,0
116,Stefon Diggs,2024-W8,2023-10-20,65,WR,0,turf,39,5,4.93,0
116,Stefon Diggs,2024-W9,2023-10-27,47,CB,1,grass,54,0,4.41,0
116,Stefon Diggs,2024-W10,2023-11-03,67,TE,0,turf,89,3,3.98,0
117,Lamar Jackson,2024-W1,2023-09-01,34,QB,0,grass,91,3,5.66,0
117,Lamar Jackson,2024-W2,2023-09-08,61,CB,1,turf,73,1,5.83,0
117,Lamar Jackson,2024-W3,2023-09-15,21,RB,0,turf,78,1,4.61,0
117,Lamar Jackson,2024-W4,2023-09-22,60,WR,1,grass,89,1,8.2,0
117,Lamar Jackson,2024-W5,2023-09-29,25,RB,1,grass,92,2,6.52,0
117,Lamar Jackson,2024-W6,2023-10-06,33,CB,1,grass,84,2,4.64,0
117,Lamar Jackson,2024-W7,2023-10-13,22,CB,1,turf,85,2,5.44,0
117,Lamar Jackson,2024-W8,2023-10-20,36,LB,1,turf,38,1,3.96,0
117,Lamar Jackson,2024-W9,2023-10-27,58,QB,1,turf,53,4,3.22,0
117,Lamar Jackson,2024-W10,2023-11-03,57,TE,1,grass,69,2,5.56,0
118,George Kittle,2024-W1,2023-09-01,23,QB,0,turf,82,5,2.83,0
118,George Kittle,2024-W2,2023-09-08,44,LB,1,turf,48,4,3.88,0
118,George Kittle,2024-W3,2023-09-15,46,CB,0,turf,74,0,5.81,0
118,George Kittle,2024-W4,2023-09-22,76,LB,1,turf,86,3,4.83,0
118,George Kittle,2024-W5,2023-09-29,62,WR,1,turf,81,2,4.31,0
118,George Kittle,2024-W6,2023-10-06,77,TE,1,grass,54,4,7.3,0
118,George Kittle,2024-W7,2023-10-13,60,QB,0,grass,46,4,6.34,0
118,George Kittle,2024-W8,2023-10-20,64,WR,0,turf,39,1,8.61,0
118,George Kittle,2024-W9,2023-10-27,30,CB,0,grass,90,1,6.15,0
118,George Kittle,2024-W10,2023-11-03,27,WR,0,grass,79,1,10.06,0
119,Micah Parsons,2024-W1,2023-09-01,25,QB,0,turf,54,0,5.35,0
119,Micah Parsons,2024-W2,2023-09-08,31,QB,0,grass,40,4,4.22,0
119,Micah Parsons,2024-W3,2023-09-15,42,WR,1,turf,72,1,6.01,0
119,Micah Parsons,2024-W4,2023-09-22,34,TE,0,grass,42,4,7.09,0
119,Micah Parsons,2024-W5,2023-09-29,68,TE,0,turf,84,4,5.69,0
119,Micah Parsons,2024-W6,2023-10-06,72,LB,1,grass,65,1,4.85,0
119,Micah Parsons,2024-W7,2023-10-13,34,RB,0,turf,78,1,4.94,0
119,Micah Parsons,2024-W8,2023-10-20,57,WR,1,turf,36,5,5.1,0
119,Micah Parsons,2024-W9,2023-10-27,32,QB,1,grass,39,3,5.81,0
119,Micah Parsons,2024-W10,2023-11-03,43,LB,0,turf,92,4,5.85,0
120,Patrick Mahomes,2024-W1,2023-09-01,46,RB,1,grass,76,4,4.89,0
120,Patrick Mahomes,2024-W2,2023-09-08,47,RB,0,grass,66,1,3.53,0
120,Patrick Mahomes,2024-W3,2023-09-15,67,WR,0,turf,63,5,2.71,0
120,Patrick Mahomes,2024-W4,2023-09-22,23,CB,0,turf,63,3,7.94,0
120,Patrick Mahomes,2024-W5,2023-09-29,30,QB,1,turf,45,2,4.57,0
120,Patrick Mahomes,2024-W6,2023-10-06,57,CB,1,grass,70,2,2.72,0
120,Patrick Mahomes,2024-W7,2023-10-13,66,RB,0,grass,69,2,5.25,0
120,Patrick Mahomes,2024-W8,2023-10-20,22,WR,1,turf,78,4,7.19,0
120,Patrick Mahomes,2024-W9,2023-10-27,29,LB,0,turf,68,3,4.11,0
120,Patrick Mahomes,2024-W10,2023-11-03,40,QB,0,turf,82,0,2.44,0
121,Derrick Henry,2024-W1,2023-09-01,22,RB,0,turf,60,4,7.17,0
121,Derrick Henry,2024-W2,2023-09-08,63,RB,1,grass,49,2,7.59,0
121,Derrick Henry,2024-W3,2023-09-15,35,QB,1,grass,37,3,5.49,0
121,Derrick Henry,2024-W4,2023-09-22,21,CB,0,turf,60,1,6.24,0
121,Derrick Henry,2024-W5,2023-09-29,78,CB,1,grass,45,0,2.79,0
121,Derrick Henry,2024-W6,2023-10-06,40,WR,1,grass,55,3,5.95,0
121,Derrick Henry,2024-W7,2023-10-13,27,RB,1,grass,84,0,10.53,0
121,Derrick Henry,2024-W8,2023-10-20,49,RB,1,grass,88,3,7.15,0
121,Derrick Henry,2024-W9,2023-10-27,39,LB,1,grass,56,0,5.69,0
121,Derrick Henry,2024-W10,2023-11-03,33,LB,0,grass,43,0,4.31,0
122,Tyreek Hill,2024-W1,2023-09-01,46,LB,1,grass,85,0,7.88,0
122,Tyreek Hill,2024-W2,2023-09-08,42,LB,0,turf,41,1,9.2,0
122,Tyreek Hill,2024-W3,2023-09-15,55,QB,0,turf,80,1,7.2,0
122,Tyreek Hill,2024-W4,2023-09-22,20,RB,1,turf,59,5,6.34,0
122,Tyreek Hill,2024-W5,2023-09-29,22,CB,0,turf,40,4,6.91,0
122,Tyreek Hill,2024-W6,2023-10-06,42,RB,1,turf,71,3,7.46,0
122,Tyreek Hill,2024-W7,2023-10-13,58,TE,0,grass,51,2,3.11,0
122,Tyreek Hill,2024-W8,2023-10-20,65,WR,1,turf,78,4,6.07,0
122,Tyreek Hill,2024-W9,2023-10-27,45,LB,0,turf,44,2,6.83,0
122,Tyreek Hill,2024-W10,2023-11-03,70,CB,0,turf,49,0,3.97,0
123,Travis Kelce,2024-W1,2023-09-01,53,WR,0,grass,60,2,2.17,0
123,Travis Kelce,2024-W2,2023-09-08,68,RB,0,grass,82,1,4.92,0
123,Travis Kelce,2024-W3,2023-09-15,60,TE,1,turf,87,3,5.69,0
123,Travis Kelce,2024-W4,2023-09-22,79,WR,1,turf,88,3,2.75,0
123,Travis Kelce,2024-W5,2023-09-29,76,QB,1,turf,53,0,5.14,0
123,Travis Kelce,2024-W6,2023-10-06,43,WR,0,turf,71,4,3.65,0
123,Travis Kelce,2024-W7,2023-10-13,55,TE,1,turf,86,4,2.96,0
123,Travis Kelce,2024-W8,2023-10-20,55,TE,0,grass,73,4,4.24,0
123,Travis Kelce,2024-W9,2023-10-27,73,RB,0,grass,50,3,7.94,0
123,Travis Kelce,2024-W10,2023-11-03,33,QB,0,turf,86,5,6.01,0
124,Aaron Donald,2024-W1,2023-09-01,33,WR,0,grass,92,1,6.98,0
124,Aaron Donald,2024-W2,2023-09-08,70,QB,0,grass,71,1,4.22,0
124,Aaron Donald,2024-W3,2023-09-15,35,TE,1,grass,41,5,1.86,0
124,Aaron Donald,2024-W4,2023-09-22,36,RB,1,turf,44,2,4.3,0
124,Aaron Donald,2024-W5,2023-09-29,36,LB,0,turf,43,0,5.3,0
124,Aaron Donald,2024-W6,2023-10-06,28,CB,0,grass,84,5,5.39,0
124,Aaron Donald,2024-W7,2023-10-13,44,CB,1,turf,63,4,4.72,0
124,Aaron Donald,2024-W8,2023-10-20,68,TE,0,turf,45,5,1.8,0
124,Aaron Donald,2024-W9,2023-10-27,22,WR,1,turf,76,5,7.08,0
124,Aaron Donald,2024-W10,2023-11-03,44,QB,1,grass,38,5,4.36,0
125,Davante Adams,2024-W1,2023-09-01,52,TE,1,grass,42,3,6.74,0
125,Davante Adams,2024-W2,2023-09-08,24,LB,0,turf,66,0,8.08,0
125,Davante Adams,2024-W3,2023-09-15,22,CB,1,turf,63,2,4.19,0
125,Davante Adams,2024-W4,2023-09-22,28,RB,1,turf,37,5,3.88,0
125,Davante Adams,2024-W5,2023-09-29,23,QB,0,grass,73,3,8.03,0
125,Davante Adams,2024-W6,2023-10-06,66,RB,1,turf,47,5,7.25,0
125,Davante Adams,2024-W7,2023-10-13,24,RB,1,turf,44,2,8.1,0
125,Davante Adams,2024-W8,2023-10-20,49,CB,1,grass,37,4,4.07,0
125,Davante Adams,2024-W9,2023-10-27,22,RB,0,turf,58,4,3.23,0
125,Davante Adams,2024-W10,2023-11-03,68,RB,1,grass,70,1,2.29,0
126,Josh Allen,2024-W1,2023-09-01,30,RB,1,turf,55,3,4.81,0
126,Josh Allen,2024-W2,2023-09-08,69,WR,0,grass,94,5,6.48,0
126,Josh Allen,2024-W3,2023-09-15,27,RB,0,grass,43,2,8.38,0
126,Josh Allen,2024-W4,2023-09-22,27,WR,0,grass,74,1,4.48,0
126,Josh Allen,2024-W5,2023-09-29,46,CB,0,turf,84,1,7.17,0
126,Josh Allen,2024-W6,2023-10-06,52,WR,0,grass,67,1,7.19,0
126,Josh Allen,2024-W7,2023-10-13,51,TE,1,grass,76,3,5.76,0
126,Josh Allen,2024-W8,2023-10-20,24,CB,0,grass,62,0,4.06,0
126,Josh Allen,2024-W9,2023-10-27,62,QB,0,turf,84,4,2.57,0
126,Josh Allen,2024-W10,2023-11-03,58,QB,1,turf,35,0,8.13,0
127,Nick Bosa,2024-W1,2023-09-01,57,RB,0,turf,80,1,9.0,0
127,Nick Bosa,2024-W2,2023-09-08,46,QB,1,turf,44,0,4.72,0
127,Nick Bosa,2024-W3,2023-09-15,74,CB,0,turf,40,5,6.23,0
127,Nick Bosa,2024-W4,2023-09-22,58,TE,0,turf,56,2,5.23,0
127,Nick Bosa,2024-W5,2023-09-29,42,RB,0,grass,55,0,4.37,0
127,Nick Bosa,2024-W6,2023-10-06,28,TE,1,grass,47,1,3.67,0
127,Nick Bosa,2024-W7,2023-10-13,70,RB,1,grass,72,2,3.03,0
127,Nick Bosa,2024-W8,2023-10-20,68,WR,0,turf,73,0,7.42,0
127,Nick Bosa,2024-W9,2023-10-27,71,TE,0,grass,45,0,7.36,0
127,Nick Bosa,2024-W10,2023-11-03,46,TE,0,grass,52,3,6.96,0
128,Justin Jefferson,2024-W1,2023-09-01,32,QB,1,grass,79,2,5.8,0
128,Justin Jefferson,2024-W2,2023-09-08,77,CB,0,grass,82,5,5.52,0
128,Justin Jefferson,2024-W3,2023-09-15,34,TE,0,turf,75,2,3.9,0
128,Justin Jefferson,2024-W4,2023-09-22,51,WR,1,turf,57,1,4.96,0
128,Justin Jefferson,2024-W5,2023-09-29,57,WR,1,turf,63,2,8.05,0
128,Justin Jefferson,2024-W6,2023-10-06,67,QB,0,grass,88,1,7.08,0
128,Justin Jefferson,2024-W7,2023-10-13,37,QB,1,grass,55,0,5.63,0
128,Justin Jefferson,2024-W8,2023-10-20,63,TE,1,grass,51,2,3.22,0
128,Justin Jefferson,2024-W9,2023-10-27,59,RB,1,grass,46,3,5.94,0
128,Justin Jefferson,2024-W10,2023-11-03,42,CB,0,grass,55,2,2.54,0
129,Joe Burrow,2024-W1,2023-09-01,24,WR,0,grass,36,0,4.14,0
129,Joe Burrow,2024-W2,2023-09-08,70,TE,1,grass,45,0,2.43,0
129,Joe Burrow,2024-W3,2023-09-15,21,QB,0,grass,36,4,1.43,0
129,Joe Burrow,2024-W4,2023-09-22,57,TE,1,grass,36,0,9.72,0
129,Joe Burrow,2024-W5,2023-09-29,51,RB,1,grass,91,2,3.41,0
129,Joe Burrow,2024-W6,2023-10-06,32,WR,1,turf,59,0,6.45,0
129,Joe Burrow,2024-W7,2023-10-13,70,WR,1,turf,39,1,2.77,0
129,Joe Burrow,2024-W8,2023-10-20,66,CB,0,turf,87,3,6.9,0
129,Joe Burrow,2024-W9,2023-10-27,50,LB,1,turf,88,0,5.78,0
129,Joe Burrow,2024-W10,2023-11-03,79,RB,1,turf,47,4,3.33,0
130,Jalen Ramsey,2024-W1,2023-09-01,61,QB,1,turf,66,5,6.67,0
130,Jalen Ramsey,2024-W2,2023-09-08,28,RB,0,turf,84,4,4.76,0
130,Jalen Ramsey,2024-W3,2023-09-15,79,WR,1,turf,49,3,4.95,0
130,Jalen Ramsey,2024-W4,2023-09-22,35,QB,1,turf,52,0,4.52,0
130,Jalen Ramsey,2024-W5,2023-09-29,37,TE,1,grass,94,2,6.49,0
130,Jalen Ramsey,2024-W6,2023-10-06,42,LB,1,grass,83,0,3.82,0
130,Jalen Ramsey,2024-W7,2023-10-13,44,LB,0,grass,91,2,5.6,0
130,Jalen Ramsey,2024-W8,2023-10-20,39,CB,0,grass,73,4,6.77,0
130,Jalen Ramsey,2024-W9,2023-10-27,37,CB,1,grass,73,1,6.86,0
130,Jalen Ramsey,2024-W10,2023-11-03,73,QB,0,grass,40,2,5.78,0
131,Stefon Diggs,2024-W1,2023-09-01,75,LB,1,turf,59,3,5.94,0
131,Stefon Diggs,2024-W2,2023-09-08,49,QB,1,grass,50,2,4.88,0
131,Stefon Diggs,2024-W3,2023-09-15,77,CB,1,grass,83,4,5.3,0
131,Stefon Diggs,2024-W4,2023-09-22,36,QB,1,turf,61,3,6.25,0
131,Stefon Diggs,2024-W5,2023-09-29,44,RB,0,turf,87,4,5.37,0
131,Stefon Diggs,2024-W6,2023-10-06,58,QB,0,grass,71,5,2.29,0
131,Stefon Diggs,2024-W7,2023-10-13,64,RB,0,grass,79,1,6.61,0
131,Stefon Diggs,2024-W8,2023-10-20,26,CB,0,turf,65,2,7.42,0
131,Stefon Diggs,2024-W9,2023-10-27,50,LB,1,turf,51,5,3.81,0
131,Stefon Diggs,2024-W10,2023-11-03,67,LB,0,turf,61,0,5.47,0
132,Lamar Jackson,2024-W1,2023-09-01,78,TE,1,turf,52,4,7.51,0
132,Lamar Jackson,2024-W2,2023-09-08,27,TE,1,turf,56,2,8.06,0
132,Lamar Jackson,2024-W3,2023-09-15,49,LB,1,grass,77,2,6.68,0
132,Lamar Jackson,2024-W4,2023-09-22,55,CB,0,grass,46,2,6.74,0
132,Lamar Jackson,2024-W5,2023-09-29,56,LB,0,grass,84,2,5.1,0
132,Lamar Jackson,2024-W6,2023-10-06,69,CB,0,grass,60,2,3.74,0
132,Lamar Jackson,2024-W7,2023-10-13,30,TE,1,turf,93,4,6.14,0
132,Lamar Jackson,2024-W8,2023-10-20,69,CB,1,turf,69,0,4.54,0
132,Lamar Jackson,2024-W9,2023-10-27,54,WR,0,turf,46,2,7.24,0
132,Lamar Jackson,2024-W10,2023-11-03,38,CB,0,turf,86,3,7.4,0
133,George Kittle,2024-W1,2023-09-01,51,RB,0,grass,39,3,5.34,0
133,George Kittle,2024-W2,2023-09-08,76,WR,0,grass,55,1,4.09,0
133,George Kittle,2024-W3,2023-09-15,37,QB,1,grass,83,0,5.59,0
133,George Kittle,2024-W4,2023-09-22,41,CB,0,turf,70,3,8.01,0
133,George Kittle,2024-W5,2023-09-29,64,RB,1,grass,57,4,4.87,0
133,George Kittle,2024-W6,2023-10-06,47,CB,1,turf,51,5,5.02,0
133,George Kittle,2024-W7,2023-10-13,25,WR,1,turf,61,1,5.61,0
133,George Kittle,2024-W8,2023-10-20,61,WR,1,grass,76,3,7.44,0
133,George Kittle,2024-W9,2023-10-27,78,RB,1,turf,62,1,6.17,1
133,George Kittle,2024-W10,2023-11-03,23,WR,1,grass,67,0,6.85,0
134,Micah Parsons,2024-W1,2023-09-01,53,CB,1,grass,81,1,6.26,0
134,Micah Parsons,2024-W2,2023-09-08,59,TE,0,turf,73,3,4.61,0
134,Micah Parsons,2024-W3,2023-09-15,33,LB,1,turf,38,1,4.46,0
134,Micah Parsons,2024-W4,2023-09-22,26,CB,1,grass,37,3,8.15,0
134,Micah Parsons,2024-W5,2023-09-29,50,RB,1,turf,53,3,7.28,0
134,Micah Parsons,2024-W6,2023-10-06,26,LB,0,turf,68,1,6.23,0
134,Micah Parsons,2024-W7,2023-10-13,38,RB,0,turf,85,1,4.66,0
134,Micah Parsons,2024-W8,2023-10-20,44,TE,1,turf,59,2,4.61,0
134,Micah Parsons,2024-W9,2023-10-27,58,WR,1,turf,38,2,5.36,0
134,Micah Parsons,2024-W10,2023-11-03,41,WR,0,grass,52,2,7.55,0
135,Patrick Mahomes,2024-W1,2023-09-01,67,RB,1,turf,40,2,6.94,1
135,Patrick Mahomes,2024-W2,2023-09-08,78,CB,1,grass,81,1,4.93,0
135,Patrick Mahomes,2024-W3,2023-09-15,48,QB,1,turf,78,4,8.3,0
135,Patrick Mahomes,2024-W4,2023-09-22,25,TE,0,turf,79,2,8.69,0
135,Patrick Mahomes,2024-W5,2023-09-29,51,WR,0,grass,86,0,3.26,0
135,Patrick Mahomes,2024-W6,2023-10-06,36,CB,1,grass,76,1,5.15,0
135,Patrick Mahomes,2024-W7,2023-10-13,28,WR,1,grass,49,4,7.52,0
135,Patrick Mahomes,2024-W8,2023-10-20,65,RB,1,turf,45,2,3.08,0
135,Patrick Mahomes,2024-W9,2023-10-27,54,QB,1,turf,42,5,4.84,0
135,Patrick Mahomes,2024-W10,2023-11-03,53,TE,0,grass,67,5,5.51,0
136,Derrick Henry,2024-W1,2023-09-01,71,CB,1,grass,43,0,5.79,0
136,Derrick Henry,2024-W2,2023-09-08,40,RB,0,grass,44,5,6.06,0
136,Derrick Henry,2024-W3,2023-09-15,75,WR,0,grass,35,3,4.16,0
136,Derrick Henry,2024-W4,2023-09-22,29,QB,0,grass,37,2,5.05,0
136,Derrick Henry,2024-W5,2023-09-29,31,RB,0,grass,83,0,6.13,0
136,Derrick Henry,2024-W6,2023-10-06,58,LB,1,turf,73,0,9.06,0
136,Derrick Henry,2024-W7,2023-10-13,75,CB,1,grass,64,3,6.97,0
136,Derrick Henry,2024-W8,2023-10-20,50,CB,0,grass,38,3,2.95,0
136,Derrick Henry,2024-W9,2023-10-27,35,CB,0,grass,90,0,6.33,0
136,Derrick Henry,2024-W10,2023-11-03,67,RB,1,grass,75,1,4.44,0
137,Tyreek Hill,2024-W1,2023-09-01,64,LB,0,grass,70,0,2.31,0
137,Tyreek Hill,2024-W2,2023-09-08,32,LB,1,turf,94,2,5.08,0
137,Tyreek Hill,2024-W3,2023-09-15,34,QB,1,turf,46,4,6.52,0
137,Tyreek Hill,2024-W4,2023-09-22,67,CB,0,grass,47,4,5.12,0
137,Tyreek Hill,2024-W5,2023-09-29,64,LB,1,turf,77,5,6.93,0
137,Tyreek Hill,2024-W6,2023-10-06,44,WR,0,grass,73,5,10.29,0
137,Tyreek Hill,2024-W7,2023-10-13,51,WR,1,grass,73,4,4.97,0
137,Tyreek Hill,2024-W8,2023-10-20,27,QB,1,grass,67,5,7.92,0
137,Tyreek Hill,2024-W9,2023-10-27,36,RB,1,turf,80,5,5.12,0
137,Tyreek Hill,2024-W10,2023-11-03,79,RB,0,grass,93,5,7.82,0
138,Travis Kelce,2024-W1,2023-09-01,48,RB,1,turf,51,2,4.63,0
138,Travis Kelce,2024-W2,2023-09-08,57,LB,0,grass,70,1,5.54,0
138,Travis Kelce,2024-W3,2023-09-15,50,TE,1,turf,89,0,4.74,0
138,Travis Kelce,2024-W4,2023-09-22,67,TE,1,grass,73,1,4.0,0
138,Travis Kelce,2024-W5,2023-09-29,34,CB,1,turf,77,3,3.14,0
138,Travis Kelce,2024-W6,2023-10-06,37,QB,1,turf,60,3,5.06,0
138,Travis Kelce,2024-W7,2023-10-13,41,WR,1,turf,91,3,5.88,0
138,Travis Kelce,2024-W8,2023-10-20,39,LB,0,grass,92,2,4.13,0
138,Travis Kelce,2024-W9,2023-10-27,48,CB,1,turf,42,2,3.3,0
138,Travis Kelce,2024-W10,2023-11-03,56,RB,1,grass,88,0,6.64,0
139,Aaron Donald,2024-W1,2023-09-01,50,WR,1,turf,68,1,6.75,0
139,Aaron Donald,2024-W2,2023-09-08,26,CB,0,grass,37,2,4.95,0
139,Aaron Donald,2024-W3,2023-09-15,57,TE,1,grass,78,3,9.29,0
139,Aaron Donald,2024-W4,2023-09-22,64,TE,0,grass,93,0,5.25,0
139,Aaron Donald,2024-W5,2023-09-29,55,RB,0,turf,40,2,9.61,0
139,Aaron Donald,2024-W6,2023-10-06,55,LB,0,turf,74,5,6.79,0
139,Aaron Donald,2024-W7,2023-10-13,31,LB,1,grass,37,1,3.18,0
139,Aaron Donald,2024-W8,2023-10-20,66,CB,1,turf,82,1,2.04,0
139,Aaron Donald,2024-W9,2023-10-27,71,WR,0,turf,83,0,2.34,0
139,Aaron Donald,2024-W10,2023-11-03,65,QB,0,turf,55,4,7.13,0
140,Davante Adams,2024-W1,2023-09-01,71,QB,0,grass,76,0,5.7,0
140,Davante Adams,2024-W2,2023-09-08,26,RB,1,grass,43,3,6.38,0
140,Davante Adams,2024-W3,2023-09-15,54,TE,1,turf,91,4,6.37,0
140,Davante Adams,2024-W4,2023-09-22,58,QB,1,turf,41,2,7.19,0
140,Davante Adams,2024-W5,2023-09-29,50,LB,1,turf,47,1,5.87,0
140,Davante Adams,2024-W6,2023-10-06,53,TE,0,grass,36,4,2.6,0
140,Davante Adams,2024-W7,2023-10-13,35,LB,0,grass,55,3,4.82,0
140,Davante Adams,2024-W8,2023-10-20,27,LB,0,turf,75,5,5.88,0
140,Davante Adams,2024-W9,2023-10-27,30,CB,0,turf,41,0,7.1,0
140,Davante Adams,2024-W10,2023-11-03,48,WR,0,turf,53,3,3.15,0
141,Josh Allen,2024-W1,2023-09-01,77,CB,0,grass,71,4,5.42,0
141,Josh Allen,2024-W2,2023-09-08,44,QB,0,grass,85,5,1.99,0
141,Josh Allen,2024-W3,2023-09-15,37,RB,1,grass,67,0,10.6,0
141,Josh Allen,2024-W4,2023-09-22,71,WR,1,grass,48,2,6.8,0
141,Josh Allen,2024-W5,2023-09-29,36,CB,0,turf,71,1,3.97,0
141,Josh Allen,2024-W6,2023-10-06,44,RB,0,turf,39,3,3.24,0
141,Josh Allen,2024-W7,2023-10-13,55,CB,1,grass,47,5,2.9,0
141,Josh Allen,2024-W8,2023-10-20,74,TE,0,turf,90,3,1.79,0
141,Josh Allen,2024-W9,2023-10-27,36,LB,1,turf,80,3,6.83,0
141,Josh Allen,2024-W10,2023-11-03,22,QB,0,grass,36,5,5.11,0
142,Nick Bosa,2024-W1,2023-09-01,79,RB,1,turf,80,0,4.23,0
142,Nick Bosa,2024-W2,2023-09-08,45,LB,0,grass,48,2,5.42,0
142,Nick Bosa,2024-W3,2023-09-15,66,WR,0,grass,64,2,4.33,0
142,Nick Bosa,2024-W4,2023-09-22,47,TE,0,grass,51,0,4.8,0
142,Nick Bosa,2024-W5,2023-09-29,40,QB,0,turf,45,0,3.45,0
142,Nick Bosa,2024-W6,2023-10-06,62,TE,1,turf,58,3,5.62,0
142,Nick Bosa,2024-W7,2023-10-13,62,WR,1,grass,79,4,3.81,0
142,Nick Bosa,2024-W8,2023-10-20,34,RB,1,grass,58,5,6.78,0
142,Nick Bosa,2024-W9,2023-10-27,25,CB,0,turf,35,3,5.09,0
142,Nick Bosa,2024-W10,2023-11-03,69,WR,1,turf,65,0,4.36,0
143,Justin Jefferson,2024-W1,2023-09-01,32,RB,0,turf,90,0,5.86,0
143,Justin Jefferson,2024-W2,2023-09-08,60,RB,1,turf,72,2,7.18,0
143,Justin Jefferson,2024-W3,2023-09-15,62,CB,0,turf,45,4,7.14,0
143,Justin Jefferson,2024-W4,2023-09-22,26,RB,1,turf,75,1,6.35,0
143,Justin Jefferson,2024-W5,2023-09-29,59,TE,1,grass,60,5,5.75,0
143,Justin Jefferson,2024-W6,2023-10-06,20,RB,1,grass,53,1,5.03,0
143,Justin Jefferson,2024-W7,2023-10-13,40,TE,0,grass,55,3,7.88,0
143,Justin Jefferson,2024-W8,2023-10-20,37,QB,1,turf,67,5,3.86,0
143,Justin Jefferson,2024-W9,2023-10-27,55,LB,0,turf,94,4,6.54,0
143,Justin Jefferson,2024-W10,2023-11-03,73,RB,1,turf,72,5,10.31,0
144,Joe Burrow,2024-W1,2023-09-01,20,QB,0,grass,69,2,11.18,0
144,Joe Burrow,2024-W2,2023-09-08,73,RB,1,grass,77,2,8.77,0
144,Joe Burrow,2024-W3,2023-09-15,71,RB,0,turf,48,3,7.55,0
144,Joe Burrow,2024-W4,2023-09-22,51,RB,1,turf,85,0,6.7,0
144,Joe Burrow,2024-W5,2023-09-29,75,LB,1,turf,36,0,8.65,1
144,Joe Burrow,2024-W6,2023-10-06,71,WR,0,turf,68,5,6.41,0
144,Joe Burrow,2024-W7,2023-10-13,68,QB,0,turf,87,2,6.89,0
144,Joe Burrow,2024-W8,2023-10-20,23,QB,0,turf,56,1,6.06,0
144,Joe Burrow,2024-W9,2023-10-27,31,RB,0,grass,43,5,5.24,0
144,Joe Burrow,2024-W10,2023-11-03,26,LB,1,grass,85,4,3.8,0
145,Jalen Ramsey,2024-W1,2023-09-01,58,WR,1,grass,51,1,7.76,0
145,Jalen Ramsey,2024-W2,2023-09-08,66,TE,1,turf,77,0,5.81,0
145,Jalen Ramsey,2024-W3,2023-09-15,29,TE,0,turf,47,0,3.25,0
145,Jalen Ramsey,2024-W4,2023-09-22,77,WR,0,turf,69,0,5.13,0
145,Jalen Ramsey,2024-W5,2023-09-29,58,LB,1,grass,76,4,8.66,0
145,Jalen Ramsey,2024-W6,2023-10-06,54,QB,0,grass,92,5,4.66,0
145,Jalen Ramsey,2024-W7,2023-10-13,60,TE,0,grass,75,5,3.49,0
145,Jalen Ramsey,2024-W8,2023-10-20,70,TE,1,grass,65,1,3.55,0
145,Jalen Ramsey,2024-W9,2023-10-27,60,CB,0,turf,48,3,6.37,0
145,Jalen Ramsey,2024-W10,2023-11-03,45,TE,1,grass,62,3,4.89,0
146,Stefon Diggs,2024-W1,2023-09-01,35,CB,1,turf,85,5,4.84,0
146,Stefon Diggs,2024-W2,2023-09-08,37,RB,1,grass,52,0,8.85,0
146,Stefon Diggs,2024-W3,2023-09-15,58,LB,0,grass,38,3,6.73,0
146,Stefon Diggs,2024-W4,2023-09-22,60,RB,1,turf,82,0,6.25,0
146,Stefon Diggs,2024-W5,2023-09-29,53,LB,1,turf,54,0,6.14,0
146,Stefon Diggs,2024-W6,2023-10-06,34,QB,1,grass,57,4,4.17,0
146,Stefon Diggs,2024-W7,2023-10-13,62,QB,0,turf,47,5,5.03,0
146,Stefon Diggs,2024-W8,2023-10-20,54,LB,0,turf,65,0,4.84,0
146,Stefon Diggs,2024-W9,2023-10-27,66,QB,1,turf,55,4,7.64,0
146,Stefon Diggs,2024-W10,2023-11-03,49,QB,0,turf,82,0,4.06,0
147,Lamar Jackson,2024-W1,2023-09-01,21,LB,0,turf,70,5,5.79,0
147,Lamar Jackson,2024-W2,2023-09-08,41,TE,1,turf,77,1,6.81,0
147,Lamar Jackson,2024-W3,2023-09-15,49,CB,1,turf,36,5,4.33,0
147,Lamar Jackson,2024-W4,2023-09-22,31,QB,0,turf,82,1,4.26,0
147,Lamar Jackson,2024-W5,2023-09-29,32,LB,1,turf,44,5,2.94,0
147,Lamar Jackson,2024-W6,2023-10-06,57,WR,0,grass,77,3,2.31,0
147,Lamar Jackson,2024-W7,2023-10-13,39,LB,1,grass,84,1,5.7,0
147,Lamar Jackson,2024-W8,2023-10-20,65,WR,0,turf,89,3,8.87,0
147,Lamar Jackson,2024-W9,2023-10-27,25,CB,1,turf,81,0,7.24,0
147,Lamar Jackson,2024-W10,2023-11-03,25,LB,0,turf,64,0,8.73,0
148,George Kittle,2024-W1,2023-09-01,59,WR,1,grass,60,5,5.91,0
148,George Kittle,2024-W2,2023-09-08,61,QB,1,grass,81,4,5.98,0
148,George Kittle,2024-W3,2023-09-15,44,RB,1,turf,43,3,4.51,0
148,George Kittle,2024-W4,2023-09-22,50,LB,1,turf,68,2,2.29,0
148,George Kittle,2024-W5,2023-09-29,60,RB,1,turf,88,1,7.26,0
148,George Kittle,2024-W6,2023-10-06,60,RB,0,turf,69,5,3.96,0
148,George Kittle,2024-W7,2023-10-13,29,WR,1,turf,46,4,5.38,0
148,George Kittle,2024-W8,2023-10-20,30,LB,0,grass,63,1,7.96,0
148,George Kittle,2024-W9,2023-10-27,39,CB,1,grass,88,1,5.87,0
148,George Kittle,2024-W10,2023-11-03,37,CB,0,grass,53,3,5.02,0
149,Micah Parsons,2024-W1,2023-09-01,27,WR,0,turf,56,0,7.2,0
149,Micah Parsons,2024-W2,2023-09-08,28,CB,1,grass,46,4,4.22,0
149,Micah Parsons,2024-W3,2023-09-15,51,WR,1,grass,87,5,4.67,0
149,Micah Parsons,2024-W4,2023-09-22,46,TE,1,turf,81,5,3.25,0
149,Micah Parsons,2024-W5,2023-09-29,63,WR,0,turf,54,3,4.62,0
149,Micah Parsons,2024-W6,2023-10-06,28,TE,1,grass,47,1,5.72,0
149,Micah Parsons,2024-W7,2023-10-13,57,RB,0,grass,62,1,1.54,0
149,Micah Parsons,2024-W8,2023-10-20,72,RB,1,turf,56,4,4.96,0
149,Micah Parsons,2024-W9,2023-10-27,77,QB,0,turf,82,3,5.11,0
149,Micah Parsons,2024-W10,2023-11-03,43,CB,1,grass,93,1,4.71,0
150,Patrick Mahomes,2024-W1,2023-09-01,36,WR,1,turf,37,4,4.54,0
150,Patrick Mahomes,2024-W2,2023-09-08,35,WR,0,grass,77,0,7.7,0
150,Patrick Mahomes,2024-W3,2023-09-15,70,CB,0,turf,93,3,2.75,0
150,Patrick Mahomes,2024-W4,2023-09-22,42,CB,1,grass,79,5,7.43,0
150,Patrick Mahomes,2024-W5,2023-09-29,34,TE,1,turf,72,5,7.92,0
150,Patrick Mahomes,2024-W6,2023-10-06,30,LB,0,turf,59,3,1.01,0
150,Patrick Mahomes,2024-W7,2023-10-13,73,QB,0,turf,56,3,3.74,0
150,Patrick Mahomes,2024-W8,2023-10-20,28,RB,0,grass,39,4,8.15,0
150,Patrick Mahomes,2024-W9,2023-10-27,44,CB,1,grass,86,4,3.93,0
150,Patrick Mahomes,2024-W10,2023-11-03,57,CB,1,turf,52,0,3.93,0
